"Image type","Feature Class","Feature Name","103: RTSTRUCT: TN_mammella_segm_segment_t_mammella","103: RTSTRUCT: TN_mammella_segm_segment_n_ascella"
"diagnostics","Versions","PyRadiomics","v3.1.0","v3.1.0"
"diagnostics","Versions","Numpy","1.23.4","1.23.4"
"diagnostics","Versions","SimpleITK","2.2.0rc2.dev368","2.2.0rc2.dev368"
"diagnostics","Versions","PyWavelet","1.4.1","1.4.1"
"diagnostics","Versions","Python","3.9.10","3.9.10"
"diagnostics","Configuration","Settings","{'minimumROIDimensions': 2, 'minimumROISize': None, 'normalize': False, 'normalizeScale': 1, 'removeOutliers': None, 'resampledPixelSpacing': None, 'interpolator': 'sitkBSpline', 'preCrop': False, 'padDistance': 5, 'distances': [1], 'force2D': False, 'force2Ddimension': 0, 'resegmentRange': None, 'label': 1, 'additionalInfo': True, 'binWidth': 25.0, 'symmetricalGLCM': True, 'correctMask': True}","{'minimumROIDimensions': 2, 'minimumROISize': None, 'normalize': False, 'normalizeScale': 1, 'removeOutliers': None, 'resampledPixelSpacing': None, 'interpolator': 'sitkBSpline', 'preCrop': False, 'padDistance': 5, 'distances': [1], 'force2D': False, 'force2Ddimension': 0, 'resegmentRange': None, 'label': 1, 'additionalInfo': True, 'binWidth': 25.0, 'symmetricalGLCM': True, 'correctMask': True}"
"diagnostics","Configuration","EnabledImageTypes","{'Original': {}, 'Wavelet': {}}","{'Original': {}, 'Wavelet': {}}"
"diagnostics","Image-original","Hash","44217a1bed7c01e4e988b9562997fcd891a6c19f","44217a1bed7c01e4e988b9562997fcd891a6c19f"
"diagnostics","Image-original","Dimensionality","3D","3D"
"diagnostics","Image-original","Spacing","(0.976562, 0.976562, 3.27)","(0.976562, 0.976562, 3.27)"
"diagnostics","Image-original","Size","(512, 512, 257)","(512, 512, 257)"
"diagnostics","Image-original","Mean","-1001.4832553492446","-1001.4832553492446"
"diagnostics","Image-original","Minimum","-3024.0","-3024.0"
"diagnostics","Image-original","Maximum","3071.0","3071.0"
"diagnostics","Mask-original","Hash","7c5ad974d013bd7b2b8dd8c72cffc8797b2557f2","f42a5d800f23ef4ddca1fd746a3558fd2a54e42d"
"diagnostics","Mask-original","Spacing","(0.976562, 0.976562, 3.27)","(0.976562, 0.976562, 3.27)"
"diagnostics","Mask-original","Size","(512, 512, 257)","(512, 512, 257)"
"diagnostics","Mask-original","BoundingBox","(66, 145, 162, 13, 15, 5)","(142, 209, 175, 30, 33, 11)"
"diagnostics","Mask-original","VoxelNum","501","2439"
"diagnostics","Mask-original","VolumeNum","1","1"
"diagnostics","Mask-original","CenterOfMassIndex","(72.93013972055888, 152.6986027944112, 164.17165668662673)","(153.87412874128742, 225.8528085280853, 180.24518245182452)"
"diagnostics","Mask-original","CenterOfMass","(-178.7791968942116, -100.88034705788422, -282.02868263473056)","(-99.7323730881509, -29.440729598195958, -229.46825338253382)"
"original","shape","Elongation","0.9249757790279289","0.5510172327168452"
"original","shape","Flatness","0.7803772482724539","0.3929988241158536"
"original","shape","LeastAxisLength","11.422808178511268","15.609100844679805"
"original","shape","MajorAxisLength","14.637546396692503","39.71793269304628"
"original","shape","Maximum2DDiameterColumn","17.368210622697546","33.86056025123276"
"original","shape","Maximum2DDiameterRow","17.721526278860857","40.03537263607591"
"original","shape","Maximum2DDiameterSlice","16.01680768499254","34.96582934351777"
"original","shape","Maximum3DDiameter","18.665067208203133","42.49109482875606"
"original","shape","MeshVolume","1521.4439548117955","7508.986651688397"
"original","shape","MinorAxisLength","13.539375881338103","21.885265361756275"
"original","shape","Sphericity","0.781176581574769","0.630205580542846"
"original","shape","SurfaceArea","818.9151049197495","2942.5426619786513"
"original","shape","SurfaceVolumeRatio","0.5382486172624416","0.3918694756658037"
"original","shape","VoxelVolume","1562.37442246623","7606.0503321260185"
"original","firstorder","10Percentile","-41.0","-43.0"
"original","firstorder","90Percentile","51.0","43.0"
"original","firstorder","Energy","746375.0","2879935.0"
"original","firstorder","Entropy","2.4321481243069014","2.37242547131323"
"original","firstorder","InterquartileRange","47.0","41.0"
"original","firstorder","Kurtosis","3.229802238961054","3.728007353420194"
"original","firstorder","Maximum","79.0","85.0"
"original","firstorder","MeanAbsoluteDeviation","28.7446424516237","26.10526834255632"
"original","firstorder","Mean","14.429141716566866","7.674866748667487"
"original","firstorder","Median","24.0","16.0"
"original","firstorder","Minimum","-97.0","-123.0"
"original","firstorder","Range","176.0","208.0"
"original","firstorder","RobustMeanAbsoluteDeviation","19.7948605395519","17.557780099343052"
"original","firstorder","RootMeanSquared","38.59754472867201","34.36255458855727"
"original","firstorder","Skewness","-0.9786103517746847","-0.96879273645933"
"original","firstorder","TotalEnergy","2327579.2606152343","8981111.342046471"
"original","firstorder","Uniformity","0.22326205871689753","0.23602300393647646"
"original","firstorder","Variance","1281.5703284050662","1121.8815782417767"
"original","glcm","Autocorrelation","28.978676849867757","36.49860212741926"
"original","glcm","ClusterProminence","135.0561561164942","122.60896356422927"
"original","glcm","ClusterShade","-15.558085113494595","-13.558712379921776"
"original","glcm","ClusterTendency","6.17793092642688","5.151087107239259"
"original","glcm","Contrast","1.0371105411841146","1.4002740627580057"
"original","glcm","Correlation","0.7094645767404059","0.5680700548809647"
"original","glcm","DifferenceAverage","0.7389681189641419","0.8405217856580139"
"original","glcm","DifferenceEntropy","1.437491387985778","1.616178907201863"
"original","glcm","DifferenceVariance","0.4783049167728048","0.6631053494341278"
"original","glcm","Id","0.6768648988650833","0.6582991489119868"
"original","glcm","Idm","0.66026250445984","0.6344174521889598"
"original","glcm","Idmn","0.9845466541336089","0.9837272618409738"
"original","glcm","Idn","0.9211227642261893","0.9207468209808899"
"original","glcm","Imc1","-0.2280118890874726","-0.1436319403987582"
"original","glcm","Imc2","0.7978410170747955","0.6468914248845998"
"original","glcm","InverseVariance","0.5091755358169902","0.4807941938314767"
"original","glcm","JointAverage","5.262214940057728","5.963193055444018"
"original","glcm","JointEnergy","0.08762966046441369","0.08581478775753087"
"original","glcm","JointEntropy","4.097617704124473","4.2051089875672085"
"original","glcm","MCC","0.7480695242787602","0.6393207454431232"
"original","glcm","MaximumProbability","0.21077585073273353","0.16359487009890897"
"original","glcm","SumAverage","10.524429880115456","11.926386110888036"
"original","glcm","SumEntropy","3.1186592978056735","3.0306302133060217"
"original","glcm","SumSquares","1.803760366902749","1.637840292499316"
"original","gldm","DependenceEntropy","5.944956252172763","6.147229751737264"
"original","gldm","DependenceNonUniformity","34.47305389221557","153.1738417384174"
"original","gldm","DependenceNonUniformityNormalized","0.06880849080282549","0.06280190313178245"
"original","gldm","DependenceVariance","18.399472512061703","19.369477573414517"
"original","gldm","GrayLevelNonUniformity","111.85429141716567","575.660106601066"
"original","gldm","GrayLevelVariance","2.1646288261799755","1.880145664925284"
"original","gldm","HighGrayLevelEmphasis","28.00998003992016","35.84337843378434"
"original","gldm","LargeDependenceEmphasis","89.31536926147704","98.7539975399754"
"original","gldm","LargeDependenceHighGrayLevelEmphasis","2891.37125748503","3889.5891758917587"
"original","gldm","LargeDependenceLowGrayLevelEmphasis","3.7248357508339334","2.9961012583970006"
"original","gldm","LowGrayLevelEmphasis","0.07400437503677451","0.04291059517895506"
"original","gldm","SmallDependenceEmphasis","0.05212035152637904","0.05119048793424787"
"original","gldm","SmallDependenceHighGrayLevelEmphasis","1.294585583891729","1.4599426012825205"
"original","gldm","SmallDependenceLowGrayLevelEmphasis","0.005054261573005248","0.0039581478007908975"
"original","glrlm","GrayLevelNonUniformity","70.16701908845559","356.87415344803543"
"original","glrlm","GrayLevelNonUniformityNormalized","0.19557937649748486","0.20987596494741492"
"original","glrlm","GrayLevelVariance","2.39556480169211","2.1324572347508033"
"original","glrlm","HighGrayLevelRunEmphasis","26.816956318612707","34.65462745603015"
"original","glrlm","LongRunEmphasis","2.6881587318197617","3.013266106082341"
"original","glrlm","LongRunHighGrayLevelEmphasis","79.49157087315892","112.51051187285042"
"original","glrlm","LongRunLowGrayLevelEmphasis","0.16730589566214987","0.11298589569775203"
"original","glrlm","LowGrayLevelRunEmphasis","0.08307638926165693","0.04715840892622003"
"original","glrlm","RunEntropy","3.6418535640336462","3.701644745129089"
"original","glrlm","RunLengthNonUniformity","204.97720658292545","952.5161526124527"
"original","glrlm","RunLengthNonUniformityNormalized","0.5616442379255022","0.5477197569580748"
"original","glrlm","RunPercentage","0.7145708582834331","0.6957769577695778"
"original","glrlm","RunVariance","0.6255588954248918","0.7996561238128781"
"original","glrlm","ShortRunEmphasis","0.7705525654996043","0.7613205385666026"
"original","glrlm","ShortRunHighGrayLevelEmphasis","19.832152887362685","25.56614915950666"
"original","glrlm","ShortRunLowGrayLevelEmphasis","0.07029744379552219","0.03878160912195775"
"original","glszm","GrayLevelNonUniformity","4.2727272727272725","17.90740740740741"
"original","glszm","GrayLevelNonUniformityNormalized","0.19421487603305784","0.16580932784636487"
"original","glszm","GrayLevelVariance","3.2479338842975203","4.365912208504802"
"original","glszm","HighGrayLevelZoneEmphasis","23.09090909090909","27.37037037037037"
"original","glszm","LargeAreaEmphasis","2363.409090909091","11525.50925925926"
"original","glszm","LargeAreaHighGrayLevelEmphasis","76720.04545454546","464250.51851851854"
"original","glszm","LargeAreaLowGrayLevelEmphasis","89.08373125386518","306.2410980862681"
"original","glszm","LowGrayLevelZoneEmphasis","0.1165992192331478","0.09233886987579669"
"original","glszm","SizeZoneNonUniformity","4.7272727272727275","25.203703703703702"
"original","glszm","SizeZoneNonUniformityNormalized","0.21487603305785125","0.2333676268861454"
"original","glszm","SmallAreaEmphasis","0.44677448225126626","0.4898944219825222"
"original","glszm","SmallAreaHighGrayLevelEmphasis","13.342589692730508","12.951928740571809"
"original","glszm","SmallAreaLowGrayLevelEmphasis","0.02309286814147961","0.04848544476480594"
"original","glszm","ZoneEntropy","3.913977073182746","5.0006726608248515"
"original","glszm","ZonePercentage","0.043912175648702596","0.04428044280442804"
"original","glszm","ZoneVariance","1844.8119834710742","11015.502314814814"
"original","ngtdm","Busyness","0.9920148884020737","4.711906875046204"
"original","ngtdm","Coarseness","0.02173679705655334","0.0033207474596776815"
"original","ngtdm","Complexity","12.969570190903484","21.42404517935305"
"original","ngtdm","Contrast","0.03965872283350274","0.032488792057178265"
"original","ngtdm","Strength","0.4828120785915613","0.10952540423966875"
"wavelet-LLH","firstorder","10Percentile","-44.89138585252704","-57.165421709488356"
"wavelet-LLH","firstorder","90Percentile","34.989153856873735","55.292843733428455"
"wavelet-LLH","firstorder","Energy","468916.6726586956","4615313.4821141325"
"wavelet-LLH","firstorder","Entropy","2.1695848608188797","2.8230963618397023"
"wavelet-LLH","firstorder","InterquartileRange","35.36615621379807","52.38976137831661"
"wavelet-LLH","firstorder","Kurtosis","3.00169063244324","3.21238544962103"
"wavelet-LLH","firstorder","Maximum","72.05073737862092","131.9952850877968"
"wavelet-LLH","firstorder","MeanAbsoluteDeviation","22.08058342499156","33.639534461051745"
"wavelet-LLH","firstorder","Mean","-12.022968448245056","-3.8975182134279214"
"wavelet-LLH","firstorder","Median","-15.600542435862218","-7.352711734221941"
"wavelet-LLH","firstorder","Minimum","-68.49438190579231","-132.81835969256247"
"wavelet-LLH","firstorder","Range","140.54511928441323","264.81364478035925"
"wavelet-LLH","firstorder","RobustMeanAbsoluteDeviation","14.985858680897724","22.310560385233295"
"wavelet-LLH","firstorder","RootMeanSquared","30.59348660209304","43.50054540625095"
"wavelet-LLH","firstorder","Skewness","0.6580616716530029","0.38197040187502773"
"wavelet-LLH","firstorder","TotalEnergy","1462322.1868860596","14392909.652931483"
"wavelet-LLH","firstorder","Uniformity","0.257987019972032","0.17052657201438762"
"wavelet-LLH","firstorder","Variance","791.4096521649503","1877.1068024172985"
"wavelet-LLH","glcm","Autocorrelation","8.618289999142139","39.47554333703585"
"wavelet-LLH","glcm","ClusterProminence","24.868302741248637","166.17708492213785"
"wavelet-LLH","glcm","ClusterShade","2.4525547994167693","6.274647793407168"
"wavelet-LLH","glcm","ClusterTendency","2.6127331701060537","6.389598643114254"
"wavelet-LLH","glcm","Contrast","2.0793439879368774","4.911598174422606"
"wavelet-LLH","glcm","Correlation","0.08930170279007177","0.10409579965379069"
"wavelet-LLH","glcm","DifferenceAverage","1.0248590761452552","1.577588552179259"
"wavelet-LLH","glcm","DifferenceEntropy","1.7307515772413136","2.200076631283045"
"wavelet-LLH","glcm","DifferenceVariance","0.8841673269702643","2.0311150255475834"
"wavelet-LLH","glcm","Id","0.6231700093385582","0.5340747588774795"
"wavelet-LLH","glcm","Idm","0.5894069543744752","0.4796671586848668"
"wavelet-LLH","glcm","Idmn","0.9515198227516565","0.9700526882687817"
"wavelet-LLH","glcm","Idn","0.8703857020593164","0.8941313465400099"
"wavelet-LLH","glcm","Imc1","-0.13660659334517153","-0.1257011948720459"
"wavelet-LLH","glcm","Imc2","0.5556709454588097","0.5426937735130574"
"wavelet-LLH","glcm","InverseVariance","0.4559951874061029","0.41048491357758066"
"wavelet-LLH","glcm","JointAverage","2.9124748647357945","6.253270665744854"
"wavelet-LLH","glcm","JointEnergy","0.09341896019701543","0.042013181793911177"
"wavelet-LLH","glcm","JointEntropy","3.8839826705497393","5.161957569996266"
"wavelet-LLH","glcm","MCC","0.4488407564649028","0.4454262646723811"
"wavelet-LLH","glcm","MaximumProbability","0.16362101427356857","0.09648030781173506"
"wavelet-LLH","glcm","SumAverage","5.824949729471589","12.506541331489709"
"wavelet-LLH","glcm","SumEntropy","2.586987294864519","3.2736205988625766"
"wavelet-LLH","glcm","SumSquares","1.1730192895107325","2.825299204384215"
"wavelet-LLH","gldm","DependenceEntropy","5.659851431114315","6.2294324247192225"
"wavelet-LLH","gldm","DependenceNonUniformity","40.616766467065865","218.99261992619927"
"wavelet-LLH","gldm","DependenceNonUniformityNormalized","0.08107139015382409","0.08978787204846218"
"wavelet-LLH","gldm","DependenceVariance","13.920454500181275","11.616504791534181"
"wavelet-LLH","gldm","GrayLevelNonUniformity","129.25149700598803","415.91430914309143"
"wavelet-LLH","gldm","GrayLevelVariance","1.30938123752495","3.0879656316038355"
"wavelet-LLH","gldm","HighGrayLevelEmphasis","10.309381237524951","43.28741287412874"
"wavelet-LLH","gldm","LargeDependenceEmphasis","74.54890219560878","52.99425994259943"
"wavelet-LLH","gldm","LargeDependenceHighGrayLevelEmphasis","658.2614770459082","2089.49897498975"
"wavelet-LLH","gldm","LargeDependenceLowGrayLevelEmphasis","12.12485861610113","1.5871271938074873"
"wavelet-LLH","gldm","LowGrayLevelEmphasis","0.18805777334220447","0.033368641627062684"
"wavelet-LLH","gldm","SmallDependenceEmphasis","0.04715476973684863","0.07541806102590744"
"wavelet-LLH","gldm","SmallDependenceHighGrayLevelEmphasis","0.5351151226486078","3.631065497556027"
"wavelet-LLH","gldm","SmallDependenceLowGrayLevelEmphasis","0.012871842404566515","0.0036624341459053035"
"wavelet-LLH","glrlm","GrayLevelNonUniformity","89.33801011387618","305.7656187821662"
"wavelet-LLH","glrlm","GrayLevelNonUniformityNormalized","0.24238348154129724","0.1586038947610085"
"wavelet-LLH","glrlm","GrayLevelVariance","1.420153644301552","3.3702335826662138"
"wavelet-LLH","glrlm","HighGrayLevelRunEmphasis","10.573586338319446","44.03420012861847"
"wavelet-LLH","glrlm","LongRunEmphasis","2.97512265242377","2.328196490605444"
"wavelet-LLH","glrlm","LongRunHighGrayLevelEmphasis","30.227196145277365","98.13626769034416"
"wavelet-LLH","glrlm","LongRunLowGrayLevelEmphasis","0.5175469902869294","0.07539465902317613"
"wavelet-LLH","glrlm","LowGrayLevelRunEmphasis","0.19595732636211668","0.034068925940406454"
"wavelet-LLH","glrlm","RunEntropy","3.2577843237829174","3.7640031176947035"
"wavelet-LLH","glrlm","RunLengthNonUniformity","239.59237349937632","1366.0751006520552"
"wavelet-LLH","glrlm","RunLengthNonUniformityNormalized","0.6071969050173812","0.6784611369733362"
"wavelet-LLH","glrlm","RunPercentage","0.7389835713189007","0.791055602863721"
"wavelet-LLH","glrlm","RunVariance","0.7224975247121607","0.5231396113335413"
"wavelet-LLH","glrlm","ShortRunEmphasis","0.7837778252174172","0.8367687118587331"
"wavelet-LLH","glrlm","ShortRunHighGrayLevelEmphasis","8.542917438340515","37.36590545669793"
"wavelet-LLH","glrlm","ShortRunLowGrayLevelEmphasis","0.15702331809432643","0.028974605342169352"
"wavelet-LLH","glszm","GrayLevelNonUniformity","6.037037037037037","19.68639053254438"
"wavelet-LLH","glszm","GrayLevelNonUniformityNormalized","0.22359396433470508","0.11648751794404957"
"wavelet-LLH","glszm","GrayLevelVariance","2.636488340192044","7.371310528342845"
"wavelet-LLH","glszm","HighGrayLevelZoneEmphasis","13.25925925925926","53.514792899408285"
"wavelet-LLH","glszm","LargeAreaEmphasis","2117.5185185185187","4268.988165680474"
"wavelet-LLH","glszm","LargeAreaHighGrayLevelEmphasis","15905.222222222223","164107.40828402367"
"wavelet-LLH","glszm","LargeAreaLowGrayLevelEmphasis","360.5696810699589","117.89125861980423"
"wavelet-LLH","glszm","LowGrayLevelZoneEmphasis","0.31894032921810694","0.05234217441239586"
"wavelet-LLH","glszm","SizeZoneNonUniformity","3.5925925925925926","27.745562130177515"
"wavelet-LLH","glszm","SizeZoneNonUniformityNormalized","0.13305898491083676","0.16417492384720422"
"wavelet-LLH","glszm","SmallAreaEmphasis","0.29638567217663514","0.39851014736318197"
"wavelet-LLH","glszm","SmallAreaHighGrayLevelEmphasis","3.109105159507319","19.352045561997546"
"wavelet-LLH","glszm","SmallAreaLowGrayLevelEmphasis","0.11208435879103733","0.02958706007651566"
"wavelet-LLH","glszm","ZoneEntropy","4.282484261342592","5.944493954806074"
"wavelet-LLH","glszm","ZonePercentage","0.05389221556886228","0.06929069290692907"
"wavelet-LLH","glszm","ZoneVariance","1773.2098765432102","4060.7069080214283"
"wavelet-LLH","ngtdm","Busyness","6.241435812217724","4.282712602791243"
"wavelet-LLH","ngtdm","Coarseness","0.01227745358901301","0.0028403367156913137"
"wavelet-LLH","ngtdm","Complexity","10.407386004559129","68.59474009212104"
"wavelet-LLH","ngtdm","Contrast","0.06989468267852415","0.05564800329213591"
"wavelet-LLH","ngtdm","Strength","0.13389641924540632","0.12434870536626033"
"wavelet-LHL","firstorder","10Percentile","-17.31819631453875","-19.15763629513405"
"wavelet-LHL","firstorder","90Percentile","18.36732132939302","19.41059890918161"
"wavelet-LHL","firstorder","Energy","93699.84945994467","555835.9926961084"
"wavelet-LHL","firstorder","Entropy","1.3653608815462808","1.4608390777155955"
"wavelet-LHL","firstorder","InterquartileRange","17.918729481327347","20.45454949430806"
"wavelet-LHL","firstorder","Kurtosis","2.9998813556152415","3.063445463359993"
"wavelet-LHL","firstorder","Maximum","42.28125636640534","54.90285151042202"
"wavelet-LHL","firstorder","MeanAbsoluteDeviation","10.839273965031447","12.028722548208581"
"wavelet-LHL","firstorder","Mean","0.1720897959372283","-0.10117509251159347"
"wavelet-LHL","firstorder","Median","0.06256418018452725","-0.06843509334296105"
"wavelet-LHL","firstorder","Minimum","-40.39991126753896","-54.64426838999326"
"wavelet-LHL","firstorder","Range","82.6811676339443","109.54711990041528"
"wavelet-LHL","firstorder","RobustMeanAbsoluteDeviation","7.489508426506218","8.446499492342166"
"wavelet-LHL","firstorder","RootMeanSquared","13.67573206905722","15.096192763599834"
"wavelet-LHL","firstorder","Skewness","-0.006900462466521498","0.09023738925575159"
"wavelet-LHL","firstorder","TotalEnergy","292204.0881939197","1733381.1139212097"
"wavelet-LHL","firstorder","Uniformity","0.4350221712264095","0.4147992484434889"
"wavelet-LHL","firstorder","Variance","186.99603272677436","227.88479955641927"
"wavelet-LHL","glcm","Autocorrelation","6.288904308836002","12.240973419253134"
"wavelet-LHL","glcm","ClusterProminence","2.4620310142012936","3.342719725401625"
"wavelet-LHL","glcm","ClusterShade","0.026353316218436056","0.12775064138888392"
"wavelet-LHL","glcm","ClusterTendency","0.9310256226100834","1.0312041510055059"
"wavelet-LHL","glcm","Contrast","0.6552718556603204","0.749225602914009"
"wavelet-LHL","glcm","Correlation","0.17462467368298593","0.15916579272837278"
"wavelet-LHL","glcm","DifferenceAverage","0.5481068493834574","0.5975075803906132"
"wavelet-LHL","glcm","DifferenceEntropy","1.2004078522274801","1.271317191800897"
"wavelet-LHL","glcm","DifferenceVariance","0.3404208327821172","0.3746954785665728"
"wavelet-LHL","glcm","Id","0.7429657666658378","0.7254423040616088"
"wavelet-LHL","glcm","Idm","0.7366630759359576","0.7164180120570329"
"wavelet-LHL","glcm","Idmn","0.9635596202398466","0.9804482373078213"
"wavelet-LHL","glcm","Idn","0.8938546092252714","0.9172991083068626"
"wavelet-LHL","glcm","Imc1","-0.06444193829854446","-0.05380995225939677"
"wavelet-LHL","glcm","Imc2","0.3165755217651398","0.26857952548737035"
"wavelet-LHL","glcm","InverseVariance","0.4622863196536927","0.4750510485245256"
"wavelet-LHL","glcm","JointAverage","2.4939785822274","3.488616338276237"
"wavelet-LHL","glcm","JointEnergy","0.19982073870751835","0.1834240184454976"
"wavelet-LHL","glcm","JointEntropy","2.6658958276794014","2.845603928030189"
"wavelet-LHL","glcm","MCC","0.24471128449800275","0.21420221816934967"
"wavelet-LHL","glcm","MaximumProbability","0.2591903481041996","0.24773028004821468"
"wavelet-LHL","glcm","SumAverage","4.9879571644548","6.977232676552474"
"wavelet-LHL","glcm","SumEntropy","1.9520554480418064","2.035676669750115"
"wavelet-LHL","glcm","SumSquares","0.396574369567601","0.4451074384798787"
"wavelet-LHL","gldm","DependenceEntropy","5.2247601880993315","5.387304897615456"
"wavelet-LHL","gldm","DependenceNonUniformity","31.838323353293415","146.3620336203362"
"wavelet-LHL","gldm","DependenceNonUniformityNormalized","0.0635495476113641","0.06000903387467659"
"wavelet-LHL","gldm","DependenceVariance","19.59735618583193","21.182929238066464"
"wavelet-LHL","gldm","GrayLevelNonUniformity","217.94610778443115","1011.6953669536696"
"wavelet-LHL","gldm","GrayLevelVariance","0.3897115947745228","0.44433248760531885"
"wavelet-LHL","gldm","HighGrayLevelEmphasis","6.6546906187624755","12.715867158671587"
"wavelet-LHL","gldm","LargeDependenceEmphasis","125.79840319361277","134.65477654776547"
"wavelet-LHL","gldm","LargeDependenceHighGrayLevelEmphasis","787.1017964071856","1626.668306683067"
"wavelet-LHL","gldm","LargeDependenceLowGrayLevelEmphasis","23.96944998891107","12.19379766297663"
"wavelet-LHL","gldm","LowGrayLevelEmphasis","0.20411953870037702","0.0923339483394834"
"wavelet-LHL","gldm","SmallDependenceEmphasis","0.031300517691911084","0.03466144841738246"
"wavelet-LHL","gldm","SmallDependenceHighGrayLevelEmphasis","0.22592244548562296","0.5270675327228096"
"wavelet-LHL","gldm","SmallDependenceLowGrayLevelEmphasis","0.011305768178778725","0.0039245603339916925"
"wavelet-LHL","glrlm","GrayLevelNonUniformity","132.1862551602123","588.949825531447"
"wavelet-LHL","glrlm","GrayLevelNonUniformityNormalized","0.4104341481427446","0.3835023845868104"
"wavelet-LHL","glrlm","GrayLevelVariance","0.44956950495278486","0.5294954499100994"
"wavelet-LHL","glrlm","HighGrayLevelRunEmphasis","6.8048832968732125","12.953598950396689"
"wavelet-LHL","glrlm","LongRunEmphasis","3.7478115363934226","3.868353406672126"
"wavelet-LHL","glrlm","LongRunHighGrayLevelEmphasis","24.234982586800548","48.080783470958664"
"wavelet-LHL","glrlm","LongRunLowGrayLevelEmphasis","0.7501472746142545","0.3524199643239584"
"wavelet-LHL","glrlm","LowGrayLevelRunEmphasis","0.21155127219885536","0.09379835299379778"
"wavelet-LHL","glrlm","RunEntropy","2.851908200032539","3.0412828056635934"
"wavelet-LHL","glrlm","RunLengthNonUniformity","154.5007602340032","727.0219024257856"
"wavelet-LHL","glrlm","RunLengthNonUniformityNormalized","0.46470323160569826","0.46085624157026406"
"wavelet-LHL","glrlm","RunPercentage","0.6421004145555044","0.6287570568013372"
"wavelet-LHL","glrlm","RunVariance","0.9362636863214153","1.0839075317774483"
"wavelet-LHL","glrlm","ShortRunEmphasis","0.6880088453065603","0.6914826937312649"
"wavelet-LHL","glrlm","ShortRunHighGrayLevelEmphasis","4.774149589325268","9.113545277445887"
"wavelet-LHL","glrlm","ShortRunLowGrayLevelEmphasis","0.15237580769492176","0.06600949072322064"
"wavelet-LHL","glszm","GrayLevelNonUniformity","4.2","25.026315789473685"
"wavelet-LHL","glszm","GrayLevelNonUniformityNormalized","0.28","0.32929362880886426"
"wavelet-LHL","glszm","GrayLevelVariance","1.5822222222222222","2.010214681440443"
"wavelet-LHL","glszm","HighGrayLevelZoneEmphasis","7.666666666666667","15.486842105263158"
"wavelet-LHL","glszm","LargeAreaEmphasis","5432.733333333334","31551.723684210527"
"wavelet-LHL","glszm","LargeAreaHighGrayLevelEmphasis","31541.866666666665","394374.7105263158"
"wavelet-LHL","glszm","LargeAreaLowGrayLevelEmphasis","1092.5101851851853","2740.8667799707605"
"wavelet-LHL","glszm","LowGrayLevelZoneEmphasis","0.4189814814814815","0.13192982456140348"
"wavelet-LHL","glszm","SizeZoneNonUniformity","2.7333333333333334","17.92105263157895"
"wavelet-LHL","glszm","SizeZoneNonUniformityNormalized","0.18222222222222223","0.235803324099723"
"wavelet-LHL","glszm","SmallAreaEmphasis","0.2962951503995784","0.48106064441742463"
"wavelet-LHL","glszm","SmallAreaHighGrayLevelEmphasis","1.9434665077035698","8.375883062803405"
"wavelet-LHL","glszm","SmallAreaLowGrayLevelEmphasis","0.17979971043447607","0.05928473569207466"
"wavelet-LHL","glszm","ZoneEntropy","3.5068905956085152","4.184939444398792"
"wavelet-LHL","glszm","ZonePercentage","0.029940119760479042","0.031160311603116032"
"wavelet-LHL","glszm","ZoneVariance","4317.173333333333","30521.820463988915"
"wavelet-LHL","ngtdm","Busyness","9.233427200009777","16.684906070247603"
"wavelet-LHL","ngtdm","Coarseness","0.011118724629801685","0.002265654460800153"
"wavelet-LHL","ngtdm","Complexity","2.802673764999483","7.958601571368749"
"wavelet-LHL","ngtdm","Contrast","0.030451992678567987","0.015054641312788985"
"wavelet-LHL","ngtdm","Strength","0.05584682184496919","0.032537596351853576"
"wavelet-LHH","firstorder","10Percentile","-10.094649392705124","-12.51342424600992"
"wavelet-LHH","firstorder","90Percentile","10.408191545085286","12.872235212454436"
"wavelet-LHH","firstorder","Energy","32730.797090296255","239498.20946724468"
"wavelet-LHH","firstorder","Entropy","1.0178490755460294","1.1083588879428288"
"wavelet-LHH","firstorder","InterquartileRange","10.305217354148436","13.194539581674633"
"wavelet-LHH","firstorder","Kurtosis","3.1930593825441753","3.1800599630674533"
"wavelet-LHH","firstorder","Maximum","29.476953882919357","37.002141636718555"
"wavelet-LHH","firstorder","MeanAbsoluteDeviation","6.3588547263751405","7.878544054750828"
"wavelet-LHH","firstorder","Mean","0.1824151888207755","0.061041237476996225"
"wavelet-LHH","firstorder","Median","0.6523724614331518","0.12202931876680917"
"wavelet-LHH","firstorder","Minimum","-23.78900420644708","-40.217768389949654"
"wavelet-LHH","firstorder","Range","53.265958089366436","77.2199100266682"
"wavelet-LHH","firstorder","RobustMeanAbsoluteDeviation","4.376310128335436","5.503900095117639"
"wavelet-LHH","firstorder","RootMeanSquared","8.082755242858749","9.909351534487444"
"wavelet-LHH","firstorder","Skewness","0.08407230113979601","-0.022349353821028047"
"wavelet-LHH","firstorder","TotalEnergy","102071.37764632929","746877.9974013625"
"wavelet-LHH","firstorder","Uniformity","0.4986553838430923","0.4858894878411678"
"wavelet-LHH","firstorder","Variance","65.29765701484807","98.19152180137593"
"wavelet-LHH","glcm","Autocorrelation","2.3115195683913825","6.271164412616636"
"wavelet-LHH","glcm","ClusterProminence","0.534083026391525","0.7105224779911388"
"wavelet-LHH","glcm","ClusterShade","-0.009610681622728252","-0.017808000398424235"
"wavelet-LHH","glcm","ClusterTendency","0.5120325642445198","0.5486992986559477"
"wavelet-LHH","glcm","Contrast","0.4993709383686722","0.554019743010132"
"wavelet-LHH","glcm","Correlation","0.01234048368722204","-0.004971056413306674"
"wavelet-LHH","glcm","DifferenceAverage","0.49685698951765933","0.52570816876366"
"wavelet-LHH","glcm","DifferenceEntropy","0.9851408948694474","1.066784319828899"
"wavelet-LHH","glcm","DifferenceVariance","0.24382117706151368","0.2686919238402687"
"wavelet-LHH","glcm","Id","0.7519904967163391","0.7418008466702555"
"wavelet-LHH","glcm","Idm","0.7518229001262716","0.7399770730428171"
"wavelet-LHH","glcm","Idmn","0.9501789345716412","0.9679263976809565"
"wavelet-LHH","glcm","Idn","0.8759114500631356","0.8957948094281701"
"wavelet-LHH","glcm","Imc1","-0.028882398054795064","-0.028013355237985656"
"wavelet-LHH","glcm","Imc2","0.1739603683016328","0.16361558872492843"
"wavelet-LHH","glcm","InverseVariance","0.49465728427302313","0.5015368186014504"
"wavelet-LHH","glcm","JointAverage","1.5193237110979578","2.5044932305268355"
"wavelet-LHH","glcm","JointEnergy","0.257573676478307","0.24549000850604152"
"wavelet-LHH","glcm","JointEntropy","2.000202891849962","2.167037755668652"
"wavelet-LHH","glcm","MCC","0.1423176173581489","0.13522930690470747"
"wavelet-LHH","glcm","MaximumProbability","0.2867853919583828","0.27559937658845524"
"wavelet-LHH","glcm","SumAverage","3.0386474221959157","5.008986461053671"
"wavelet-LHH","glcm","SumEntropy","1.4950363278429926","1.5672719060419262"
"wavelet-LHH","glcm","SumSquares","0.252850875653298","0.27567976041652"
"wavelet-LHH","gldm","DependenceEntropy","4.802370685366546","4.923190613850342"
"wavelet-LHH","gldm","DependenceNonUniformity","38.96007984031936","182.22181221812218"
"wavelet-LHH","gldm","DependenceNonUniformityNormalized","0.07776463041979913","0.07471169012633136"
"wavelet-LHH","gldm","DependenceVariance","13.29833745682288","13.802774747714677"
"wavelet-LHH","gldm","GrayLevelNonUniformity","249.82634730538922","1185.0844608446084"
"wavelet-LHH","gldm","GrayLevelVariance","0.25355277469014065","0.27867805533323886"
"wavelet-LHH","gldm","HighGrayLevelEmphasis","2.5668662674650697","6.552275522755227"
"wavelet-LHH","gldm","LargeDependenceEmphasis","120.48902195608783","134.02829028290282"
"wavelet-LHH","gldm","LargeDependenceHighGrayLevelEmphasis","316.0918163672655","883.4108241082411"
"wavelet-LHH","gldm","LargeDependenceLowGrayLevelEmphasis","71.59054113994233","23.88121839551729"
"wavelet-LHH","gldm","LowGrayLevelEmphasis","0.6105012197826568","0.1848264315976493"
"wavelet-LHH","gldm","SmallDependenceEmphasis","0.018052410737882916","0.021706517018979302"
"wavelet-LHH","gldm","SmallDependenceHighGrayLevelEmphasis","0.05652623199112041","0.16244911552771077"
"wavelet-LHH","gldm","SmallDependenceLowGrayLevelEmphasis","0.010651742073497917","0.006435186806394813"
"wavelet-LHH","glrlm","GrayLevelNonUniformity","159.45655772830767","718.850309748437"
"wavelet-LHH","glrlm","GrayLevelNonUniformityNormalized","0.49694046609226655","0.4774936939683959"
"wavelet-LHH","glrlm","GrayLevelVariance","0.256339848258529","0.296122843888633"
"wavelet-LHH","glrlm","HighGrayLevelRunEmphasis","2.5489776268875084","6.547851747350464"
"wavelet-LHH","glrlm","LongRunEmphasis","3.942560288502485","4.298947695715429"
"wavelet-LHH","glrlm","LongRunHighGrayLevelEmphasis","10.146235493183925","28.212956503205724"
"wavelet-LHH","glrlm","LongRunLowGrayLevelEmphasis","2.39528221001455","0.7802512710510061"
"wavelet-LHH","glrlm","LowGrayLevelRunEmphasis","0.6163963159605482","0.18836380104622297"
"wavelet-LHH","glrlm","RunEntropy","2.475678430332604","2.6968369153758402"
"wavelet-LHH","glrlm","RunLengthNonUniformity","152.97799088892177","691.9402814676571"
"wavelet-LHH","glrlm","RunLengthNonUniformityNormalized","0.4615710074378751","0.44617627214240707"
"wavelet-LHH","glrlm","RunPercentage","0.6402579456471672","0.6167407827924433"
"wavelet-LHH","glrlm","RunVariance","1.0050192542217784","1.2040879867979968"
"wavelet-LHH","glrlm","ShortRunEmphasis","0.6831392616749663","0.6732869913264952"
"wavelet-LHH","glrlm","ShortRunHighGrayLevelEmphasis","1.7286257647917873","4.410252739896319"
"wavelet-LHH","glrlm","ShortRunLowGrayLevelEmphasis","0.4254083585781864","0.12952578208156737"
"wavelet-LHH","glszm","GrayLevelNonUniformity","1.0","10.538461538461538"
"wavelet-LHH","glszm","GrayLevelNonUniformityNormalized","0.3333333333333333","0.40532544378698226"
"wavelet-LHH","glszm","GrayLevelVariance","0.6666666666666666","1.9955621301775148"
"wavelet-LHH","glszm","HighGrayLevelZoneEmphasis","4.666666666666667","9.038461538461538"
"wavelet-LHH","glszm","LargeAreaEmphasis","41721.0","110966.11538461539"
"wavelet-LHH","glszm","LargeAreaHighGrayLevelEmphasis","108804.66666666667","726362.8076923077"
"wavelet-LHH","glszm","LargeAreaLowGrayLevelEmphasis","24950.453703703704","19895.572115384617"
"wavelet-LHH","glszm","LowGrayLevelZoneEmphasis","0.4537037037037037","0.4393696581196581"
"wavelet-LHH","glszm","SizeZoneNonUniformity","1.0","10.923076923076923"
"wavelet-LHH","glszm","SizeZoneNonUniformityNormalized","0.3333333333333333","0.42011834319526625"
"wavelet-LHH","glszm","SmallAreaEmphasis","0.3333440415617423","0.6690705661638192"
"wavelet-LHH","glszm","SmallAreaHighGrayLevelEmphasis","3.0000256155792235","6.387019575058061"
"wavelet-LHH","glszm","SmallAreaLowGrayLevelEmphasis","0.03704401842774235","0.3062900738018461"
"wavelet-LHH","glszm","ZoneEntropy","1.5849625007211552","2.5875282962354156"
"wavelet-LHH","glszm","ZonePercentage","0.005988023952095809","0.01066010660106601"
"wavelet-LHH","glszm","ZoneVariance","13832.0","102166.23224852071"
"wavelet-LHH","ngtdm","Busyness","29.548059269825472","54.72358016749391"
"wavelet-LHH","ngtdm","Coarseness","0.008230790431082756","0.001692210964151388"
"wavelet-LHH","ngtdm","Complexity","1.9372579008135973","3.4645681444944336"
"wavelet-LHH","ngtdm","Contrast","0.04130688984726361","0.023835533065685935"
"wavelet-LHH","ngtdm","Strength","0.028172338524919644","0.009770733898165384"
"wavelet-HLL","firstorder","10Percentile","-23.33370679101246","-18.449011204931825"
"wavelet-HLL","firstorder","90Percentile","13.081120132966213","15.094060978289624"
"wavelet-HLL","firstorder","Energy","119382.64777370344","427457.9512492461"
"wavelet-HLL","firstorder","Entropy","1.4772118064151285","1.2974256055935445"
"wavelet-HLL","firstorder","InterquartileRange","18.88748223412701","17.30532096587511"
"wavelet-HLL","firstorder","Kurtosis","3.190344114187822","3.0930294824871574"
"wavelet-HLL","firstorder","Maximum","42.044805274123114","45.75319731797259"
"wavelet-HLL","firstorder","MeanAbsoluteDeviation","11.521180368851784","10.399931386142697"
"wavelet-HLL","firstorder","Mean","-4.421419133157833","-1.9484929046374246"
"wavelet-HLL","firstorder","Median","-4.2310862186922495","-2.0207949784230808"
"wavelet-HLL","firstorder","Minimum","-44.538787275626056","-50.6848398058762"
"wavelet-HLL","firstorder","Range","86.58359254974917","96.4380371238488"
"wavelet-HLL","firstorder","RobustMeanAbsoluteDeviation","7.793551938490212","7.265814358443258"
"wavelet-HLL","firstorder","RootMeanSquared","15.436603192126968","13.238561576218052"
"wavelet-HLL","firstorder","Skewness","-0.07343825220513857","0.04191377094732387"
"wavelet-HLL","firstorder","TotalEnergy","372296.1983391802","1333032.6740751273"
"wavelet-HLL","firstorder","Uniformity","0.4125123007478058","0.4561405720658273"
"wavelet-HLL","firstorder","Variance","218.73977096013033","171.46288800789458"
"wavelet-HLL","glcm","Autocorrelation","5.433789107232964","11.704179525697564"
"wavelet-HLL","glcm","ClusterProminence","3.2114062876104716","1.7006212326843015"
"wavelet-HLL","glcm","ClusterShade","0.005857172027727568","0.08102299299484092"
"wavelet-HLL","glcm","ClusterTendency","1.0292077093997263","0.7493184888332021"
"wavelet-HLL","glcm","Contrast","0.8577260145751565","0.6336794309328273"
"wavelet-HLL","glcm","Correlation","0.0915048195319944","0.08294990189495577"
"wavelet-HLL","glcm","DifferenceAverage","0.6560806119001198","0.5455506017016388"
"wavelet-HLL","glcm","DifferenceEntropy","1.2877439540392932","1.17829910761316"
"wavelet-HLL","glcm","DifferenceVariance","0.3851521187406647","0.3218799359254744"
"wavelet-HLL","glcm","Id","0.7038710570631859","0.74132688563326"
"wavelet-HLL","glcm","Idm","0.6921242343174439","0.7360327166025383"
"wavelet-HLL","glcm","Idmn","0.9535350122315388","0.9764087483792461"
"wavelet-HLL","glcm","Idn","0.875311539145419","0.9111311326624902"
"wavelet-HLL","glcm","Imc1","-0.08885667257115164","-0.04396248762466083"
"wavelet-HLL","glcm","Imc2","0.3953400910919496","0.24922197980518707"
"wavelet-HLL","glcm","InverseVariance","0.49566058994136597","0.4739376401889963"
"wavelet-HLL","glcm","JointAverage","2.3218259833856774","3.41690832598731"
"wavelet-HLL","glcm","JointEnergy","0.18008422352776718","0.22461766034175965"
"wavelet-HLL","glcm","JointEntropy","2.8690754996280643","2.4957494724364437"
"wavelet-HLL","glcm","MCC","0.3192925800360875","0.20355716503808513"
"wavelet-HLL","glcm","MaximumProbability","0.2788504872435514","0.31160898302090617"
"wavelet-HLL","glcm","SumAverage","4.643651966771355","6.83381665197462"
"wavelet-HLL","glcm","SumEntropy","1.9939187393127231","1.7950487830234985"
"wavelet-HLL","glcm","SumSquares","0.4717334309937207","0.3457494799415074"
"wavelet-HLL","gldm","DependenceEntropy","5.256851238558928","5.225276690659166"
"wavelet-HLL","gldm","DependenceNonUniformity","33.582834331337324","145.04920049200493"
"wavelet-HLL","gldm","DependenceNonUniformityNormalized","0.06703160545177111","0.05947076690939111"
"wavelet-HLL","gldm","DependenceVariance","18.785733921378803","21.525342674500955"
"wavelet-HLL","gldm","GrayLevelNonUniformity","206.6686626746507","1112.5268552685527"
"wavelet-HLL","gldm","GrayLevelVariance","0.4557192999231079","0.3556505675757864"
"wavelet-HLL","gldm","HighGrayLevelEmphasis","5.872255489021956","12.039770397703977"
"wavelet-HLL","gldm","LargeDependenceEmphasis","102.3932135728543","144.60885608856088"
"wavelet-HLL","gldm","LargeDependenceHighGrayLevelEmphasis","562.810379241517","1626.5211152111522"
"wavelet-HLL","gldm","LargeDependenceLowGrayLevelEmphasis","22.67058937680195","13.851205184274066"
"wavelet-HLL","gldm","LowGrayLevelEmphasis","0.26090873807939674","0.0946455742335201"
"wavelet-HLL","gldm","SmallDependenceEmphasis","0.042987476329321976","0.03315041505350629"
"wavelet-HLL","gldm","SmallDependenceHighGrayLevelEmphasis","0.29528445609806525","0.4534574777888266"
"wavelet-HLL","gldm","SmallDependenceLowGrayLevelEmphasis","0.015809696361878765","0.004228626266724556"
"wavelet-HLL","glrlm","GrayLevelNonUniformity","131.19600937726767","632.2682310791586"
"wavelet-HLL","glrlm","GrayLevelNonUniformityNormalized","0.381070074980971","0.42295463864349847"
"wavelet-HLL","glrlm","GrayLevelVariance","0.5255477579050123","0.4217992361355704"
"wavelet-HLL","glrlm","HighGrayLevelRunEmphasis","5.97990814392647","12.34266222942566"
"wavelet-HLL","glrlm","LongRunEmphasis","3.3526756503490125","4.161666491901038"
"wavelet-HLL","glrlm","LongRunHighGrayLevelEmphasis","19.216739191854394","48.445931453661736"
"wavelet-HLL","glrlm","LongRunLowGrayLevelEmphasis","0.821805868153048","0.3953523307191408"
"wavelet-HLL","glrlm","LowGrayLevelRunEmphasis","0.2751589157602925","0.09510136159484767"
"wavelet-HLL","glrlm","RunEntropy","2.7943910529983804","2.937060616225469"
"wavelet-HLL","glrlm","RunLengthNonUniformity","191.80081510507173","685.5909507965882"
"wavelet-HLL","glrlm","RunLengthNonUniformityNormalized","0.5322350405101323","0.44565427377163735"
"wavelet-HLL","glrlm","RunPercentage","0.6867802855826809","0.6117576560380988"
"wavelet-HLL","glrlm","RunVariance","0.8498508761309155","1.2056307215547635"
"wavelet-HLL","glrlm","ShortRunEmphasis","0.7393126866777165","0.6781415167028887"
"wavelet-HLL","glrlm","ShortRunHighGrayLevelEmphasis","4.484825052626871","8.543400034099163"
"wavelet-HLL","glrlm","ShortRunLowGrayLevelEmphasis","0.2131946916566617","0.06519592821198862"
"wavelet-HLL","glszm","GrayLevelNonUniformity","6.6","25.81578947368421"
"wavelet-HLL","glszm","GrayLevelNonUniformityNormalized","0.33","0.3396814404432133"
"wavelet-HLL","glszm","GrayLevelVariance","1.6099999999999999","1.9326523545706373"
"wavelet-HLL","glszm","HighGrayLevelZoneEmphasis","6.9","13.907894736842104"
"wavelet-HLL","glszm","LargeAreaEmphasis","4989.05","34228.96052631579"
"wavelet-HLL","glszm","LargeAreaHighGrayLevelEmphasis","27326.1","393162.38157894736"
"wavelet-HLL","glszm","LargeAreaLowGrayLevelEmphasis","1057.3065972222223","3212.7382456140353"
"wavelet-HLL","glszm","LowGrayLevelZoneEmphasis","0.5059027777777778","0.1462719298245614"
"wavelet-HLL","glszm","SizeZoneNonUniformity","4.1","20.157894736842106"
"wavelet-HLL","glszm","SizeZoneNonUniformityNormalized","0.205","0.26523545706371193"
"wavelet-HLL","glszm","SmallAreaEmphasis","0.43620666788466667","0.5054146628828137"
"wavelet-HLL","glszm","SmallAreaHighGrayLevelEmphasis","3.304416785355034","7.661187675084332"
"wavelet-HLL","glszm","SmallAreaLowGrayLevelEmphasis","0.196448647581868","0.07522080358207504"
"wavelet-HLL","glszm","ZoneEntropy","3.646439344671011","3.817531007122988"
"wavelet-HLL","glszm","ZonePercentage","0.03992015968063872","0.031160311603116032"
"wavelet-HLL","glszm","ZoneVariance","4361.547500000001","33199.057306094175"
"wavelet-HLL","ngtdm","Busyness","11.900732327854831","25.373602307564013"
"wavelet-HLL","ngtdm","Coarseness","0.0108612615075573","0.0020504164084118245"
"wavelet-HLL","ngtdm","Complexity","3.1641810268809363","5.480908702402496"
"wavelet-HLL","ngtdm","Contrast","0.041811443164437516","0.01754745510319474"
"wavelet-HLL","ngtdm","Strength","0.05034254127770235","0.02102866405590959"
"wavelet-HLH","firstorder","10Percentile","-9.776439552588009","-11.535396297437641"
"wavelet-HLH","firstorder","90Percentile","10.883290169557844","12.215852946779991"
"wavelet-HLH","firstorder","Energy","30097.269999231692","212356.4743723829"
"wavelet-HLH","firstorder","Entropy","0.9995142592467628","1.0731572296987504"
"wavelet-HLH","firstorder","InterquartileRange","10.642934189780217","12.567155467876578"
"wavelet-HLH","firstorder","Kurtosis","2.6671016886348924","2.9998957830360995"
"wavelet-HLH","firstorder","Maximum","19.767209490008472","30.326684855366967"
"wavelet-HLH","firstorder","MeanAbsoluteDeviation","6.2527236356083655","7.47316540172797"
"wavelet-HLH","firstorder","Mean","0.02727421623693174","0.3631742101392398"
"wavelet-HLH","firstorder","Median","-0.25447706038375595","0.5319904954956383"
"wavelet-HLH","firstorder","Minimum","-24.364463916729665","-33.89430641481425"
"wavelet-HLH","firstorder","Range","44.13167340673814","64.22099127018122"
"wavelet-HLH","firstorder","RobustMeanAbsoluteDeviation","4.446050247690972","5.269384312730194"
"wavelet-HLH","firstorder","RootMeanSquared","7.750767137260112","9.330971287220244"
"wavelet-HLH","firstorder","Skewness","0.039441760708662815","-0.01962523153898635"
"wavelet-HLH","firstorder","TotalEnergy","93858.6922811573","662236.1756577175"
"wavelet-HLH","firstorder","Uniformity","0.5003366520452109","0.49175764000362426"
"wavelet-HLH","firstorder","Variance","60.07364733315999","86.93512965601833"
"wavelet-HLH","glcm","Autocorrelation","2.2185124833809087","6.318579201971787"
"wavelet-HLH","glcm","ClusterProminence","0.5084771669239231","0.6487773557056783"
"wavelet-HLH","glcm","ClusterShade","0.01274527215154894","-0.016793974923120732"
"wavelet-HLH","glcm","ClusterTendency","0.5084447080284847","0.5344091185391213"
"wavelet-HLH","glcm","Contrast","0.4908844363463481","0.5413751576764543"
"wavelet-HLH","glcm","Correlation","0.017571096645144793","-0.006362594737524644"
"wavelet-HLH","glcm","DifferenceAverage","0.4908844363463481","0.5211609475726446"
"wavelet-HLH","glcm","DifferenceEntropy","0.9713061863910062","1.0420438422091753"
"wavelet-HLH","glcm","DifferenceVariance","0.24057158367394393","0.25965671821052766"
"wavelet-HLH","glcm","Id","0.7545577818268259","0.742770543988436"
"wavelet-HLH","glcm","Idm","0.7545577818268259","0.7414409472240586"
"wavelet-HLH","glcm","Idmn","0.9018231127307303","0.968515702343675"
"wavelet-HLH","glcm","Idn","0.8363718545512172","0.8964395583754978"
"wavelet-HLH","glcm","Imc1","-0.02871512429612803","-0.03220869230254922"
"wavelet-HLH","glcm","Imc2","0.15210078064376426","0.20192933882400832"
"wavelet-HLH","glcm","InverseVariance","0.4908844363463481","0.5036436765780536"
"wavelet-HLH","glcm","JointAverage","1.4879849005180277","2.5140215015023752"
"wavelet-HLH","glcm","JointEnergy","0.2597638441386395","0.25025273405137555"
"wavelet-HLH","glcm","JointEntropy","1.9703291040648852","2.119779388891065"
"wavelet-HLH","glcm","MCC","0.13139672022137838","0.1644200478061097"
"wavelet-HLH","glcm","MaximumProbability","0.2875713866564966","0.2877368112497792"
"wavelet-HLH","glcm","SumAverage","2.9759698010360554","5.02804300300475"
"wavelet-HLH","glcm","SumEntropy","1.4794446677185369","1.5423861782081754"
"wavelet-HLH","glcm","SumSquares","0.2498322860937082","0.2689460690538939"
"wavelet-HLH","gldm","DependenceEntropy","4.846323789253807","4.844633051372132"
"wavelet-HLH","gldm","DependenceNonUniformity","37.750499001996005","193.32144321443215"
"wavelet-HLH","gldm","DependenceNonUniformityNormalized","0.07535029740917366","0.07926258434376061"
"wavelet-HLH","gldm","DependenceVariance","13.682104852171902","12.890038715885314"
"wavelet-HLH","gldm","GrayLevelNonUniformity","250.6686626746507","1199.3968839688398"
"wavelet-HLH","gldm","GrayLevelVariance","0.2498316739773945","0.26764475926842085"
"wavelet-HLH","gldm","HighGrayLevelEmphasis","2.461077844311377","6.617466174661747"
"wavelet-HLH","gldm","LargeDependenceEmphasis","122.44910179640719","133.40344403444035"
"wavelet-HLH","gldm","LargeDependenceHighGrayLevelEmphasis","293.8502994011976","891.5637556375564"
"wavelet-HLH","gldm","LargeDependenceLowGrayLevelEmphasis","79.59880239520957","23.41489567673455"
"wavelet-HLH","gldm","LowGrayLevelEmphasis","0.6347305389221557","0.1807434741014077"
"wavelet-HLH","gldm","SmallDependenceEmphasis","0.0164039293988054","0.022374751108309523"
"wavelet-HLH","gldm","SmallDependenceHighGrayLevelEmphasis","0.039426184524261824","0.16539668285256487"
"wavelet-HLH","gldm","SmallDependenceLowGrayLevelEmphasis","0.010648365617441296","0.006026590177141865"
"wavelet-HLH","glrlm","GrayLevelNonUniformity","159.70398476621455","730.526195169504"
"wavelet-HLH","glrlm","GrayLevelNonUniformityNormalized","0.5001567004280099","0.4855012406449792"
"wavelet-HLH","glrlm","GrayLevelVariance","0.2499216497859951","0.27986489267448483"
"wavelet-HLH","glrlm","HighGrayLevelRunEmphasis","2.4793259199152873","6.596846159123867"
"wavelet-HLH","glrlm","LongRunEmphasis","4.143204340465374","4.344839107444215"
"wavelet-HLH","glrlm","LongRunHighGrayLevelEmphasis","10.115346729429753","28.880004752327586"
"wavelet-HLH","glrlm","LongRunLowGrayLevelEmphasis","2.65016874322428","0.7729334973884969"
"wavelet-HLH","glrlm","LowGrayLevelRunEmphasis","0.6301685200211782","0.18358073611924489"
"wavelet-HLH","glrlm","RunEntropy","2.452731114486097","2.660121258840373"
"wavelet-HLH","glrlm","RunLengthNonUniformity","152.27380609479195","687.6632255450518"
"wavelet-HLH","glrlm","RunLengthNonUniformityNormalized","0.4608847205515521","0.4425012323703875"
"wavelet-HLH","glrlm","RunPercentage","0.6373407032089667","0.6162361623616237"
"wavelet-HLH","glrlm","RunVariance","1.054652019163118","1.2084644282499915"
"wavelet-HLH","glrlm","ShortRunEmphasis","0.6833318982049182","0.6712334142693511"
"wavelet-HLH","glrlm","ShortRunHighGrayLevelEmphasis","1.721865399427499","4.418969606887641"
"wavelet-HLH","glrlm","ShortRunLowGrayLevelEmphasis","0.4236985228992732","0.12523833437500292"
"wavelet-HLH","glszm","GrayLevelNonUniformity","1.6666666666666667","8.23076923076923"
"wavelet-HLH","glszm","GrayLevelNonUniformityNormalized","0.5555555555555556","0.3165680473372781"
"wavelet-HLH","glszm","GrayLevelVariance","0.2222222222222222","1.698224852071006"
"wavelet-HLH","glszm","HighGrayLevelZoneEmphasis","2.0","8.538461538461538"
"wavelet-HLH","glszm","LargeAreaEmphasis","41521.666666666664","111769.57692307692"
"wavelet-HLH","glszm","LargeAreaHighGrayLevelEmphasis","101057.66666666667","748046.6153846154"
"wavelet-HLH","glszm","LargeAreaLowGrayLevelEmphasis","26637.666666666668","19582.60096153846"
"wavelet-HLH","glszm","LowGrayLevelZoneEmphasis","0.75","0.39075854700854695"
"wavelet-HLH","glszm","SizeZoneNonUniformity","1.0","14.615384615384615"
"wavelet-HLH","glszm","SizeZoneNonUniformityNormalized","0.3333333333333333","0.5621301775147929"
"wavelet-HLH","glszm","SmallAreaEmphasis","0.0833440584201881","0.7735043267623275"
"wavelet-HLH","glszm","SmallAreaHighGrayLevelEmphasis","0.0833608549802526","7.096154182066298"
"wavelet-HLH","glszm","SmallAreaLowGrayLevelEmphasis","0.083339859280172","0.30636426678626383"
"wavelet-HLH","glszm","ZoneEntropy","1.5849625007211552","2.5664418929347805"
"wavelet-HLH","glszm","ZonePercentage","0.005988023952095809","0.01066010660106601"
"wavelet-HLH","glszm","ZoneVariance","13632.666666666668","102969.69378698224"
"wavelet-HLH","ngtdm","Busyness","132.6642226444153","53.80844791488483"
"wavelet-HLH","ngtdm","Coarseness","0.008174137403436815","0.0016745771749838124"
"wavelet-HLH","ngtdm","Complexity","0.48837152729845595","3.4732562573588197"
"wavelet-HLH","ngtdm","Contrast","0.12199752266052885","0.022645353799130793"
"wavelet-HLH","ngtdm","Strength","0.008175018722479055","0.009808211830096085"
"wavelet-HHL","firstorder","10Percentile","-7.095856800296086","-7.848173930585278"
"wavelet-HHL","firstorder","90Percentile","6.929399702043637","7.640350844065145"
"wavelet-HHL","firstorder","Energy","14727.784699386852","93687.8257327594"
"wavelet-HHL","firstorder","Entropy","0.9999281517309253","1.0095688113552705"
"wavelet-HHL","firstorder","InterquartileRange","7.448364373505278","7.723147275593922"
"wavelet-HHL","firstorder","Kurtosis","2.7558322783293927","3.578273568802392"
"wavelet-HHL","firstorder","Maximum","15.500372701616405","28.75998190000733"
"wavelet-HHL","firstorder","MeanAbsoluteDeviation","4.3646826725562615","4.817748719318736"
"wavelet-HHL","firstorder","Mean","0.015666429982571336","-0.026279488240480407"
"wavelet-HHL","firstorder","Median","-0.06846607206596689","0.030163317007000867"
"wavelet-HHL","firstorder","Minimum","-15.28987265208991","-25.599618023138436"
"wavelet-HHL","firstorder","Range","30.790245353706315","54.359599923145765"
"wavelet-HHL","firstorder","RobustMeanAbsoluteDeviation","3.0937133283873255","3.25925320282318"
"wavelet-HHL","firstorder","RootMeanSquared","5.421879364858604","6.197773202881669"
"wavelet-HHL","firstorder","Skewness","-0.034500460886126905","-0.01779822722315936"
"wavelet-HHL","firstorder","TotalEnergy","45928.77068645012","292166.59205855645"
"wavelet-HHL","firstorder","Uniformity","0.500049800598404","0.4991948689474594"
"wavelet-HHL","firstorder","Variance","29.39653041005114","38.41170206285591"
"wavelet-HHL","glcm","Autocorrelation","2.2418424434075197","6.248846596625723"
"wavelet-HHL","glcm","ClusterProminence","0.5012801116337307","0.5136217999427609"
"wavelet-HHL","glcm","ClusterShade","0.00288720047564488","-0.0008016892746392466"
"wavelet-HHL","glcm","ClusterTendency","0.5012980219775375","0.5054813641387077"
"wavelet-HHL","glcm","Contrast","0.49861707783671727","0.5010034335268115"
"wavelet-HHL","glcm","Correlation","0.00267497266810676","0.004449907020651075"
"wavelet-HHL","glcm","DifferenceAverage","0.49861707783671727","0.4991164304343563"
"wavelet-HHL","glcm","DifferenceEntropy","0.973835951530056","0.9961556197450777"
"wavelet-HHL","glcm","DifferenceVariance","0.24118390122723082","0.2473712160792244"
"wavelet-HHL","glcm","Id","0.7506914610816414","0.750756285298231"
"wavelet-HHL","glcm","Idm","0.7506914610816414","0.7506304850920673"
"wavelet-HHL","glcm","Idmn","0.9002765844326567","0.9705625098471132"
"wavelet-HHL","glcm","Idn","0.8337943073877608","0.9002396140162104"
"wavelet-HHL","glcm","Imc1","-0.02617593972013057","-0.014560364278060348"
"wavelet-HHL","glcm","Imc2","0.17459794449733884","0.10601944965054576"
"wavelet-HHL","glcm","InverseVariance","0.49861707783671727","0.497465302728458"
"wavelet-HHL","glcm","JointAverage","1.4970503274419598","2.499544577912855"
"wavelet-HHL","glcm","JointEnergy","0.2588585488656418","0.2536748298252957"
"wavelet-HHL","glcm","JointEntropy","1.973702502042286","2.0041780883396205"
"wavelet-HHL","glcm","MCC","0.1486687485705163","0.08287978880807707"
"wavelet-HHL","glcm","MaximumProbability","0.28805764532489253","0.26699432688503194"
"wavelet-HHL","glcm","SumAverage","2.9941006548839195","4.99908915582571"
"wavelet-HHL","glcm","SumEntropy","1.475085424205569","1.496827092906496"
"wavelet-HHL","glcm","SumSquares","0.2499787749535637","0.25162119941637984"
"wavelet-HHL","gldm","DependenceEntropy","4.811180878978897","4.82537813629766"
"wavelet-HHL","gldm","DependenceNonUniformity","40.08183632734531","191.94464944649445"
"wavelet-HHL","gldm","DependenceNonUniformityNormalized","0.08000366532404253","0.07869809325399527"
"wavelet-HHL","gldm","DependenceVariance","12.29737730128565","12.310371927007504"
"wavelet-HHL","gldm","GrayLevelNonUniformity","250.5249500998004","1217.5362853628537"
"wavelet-HHL","gldm","GrayLevelVariance","0.249975099700798","0.2516329140331174"
"wavelet-HHL","gldm","HighGrayLevelEmphasis","2.4850299401197606","6.514965149651497"
"wavelet-HHL","gldm","LargeDependenceEmphasis","116.12574850299401","136.87207872078721"
"wavelet-HHL","gldm","LargeDependenceHighGrayLevelEmphasis","288.67664670658684","887.5473554735547"
"wavelet-HHL","gldm","LargeDependenceLowGrayLevelEmphasis","72.9880239520958","24.772268347683475"
"wavelet-HHL","gldm","LowGrayLevelEmphasis","0.6287425149700598","0.1804729852854084"
"wavelet-HHL","gldm","SmallDependenceEmphasis","0.016647467529429985","0.014353763825518543"
"wavelet-HHL","gldm","SmallDependenceHighGrayLevelEmphasis","0.041636038637861444","0.09325014465129837"
"wavelet-HHL","gldm","SmallDependenceLowGrayLevelEmphasis","0.010400324752322122","0.0029261501390733884"
"wavelet-HHL","glrlm","GrayLevelNonUniformity","161.98348496611177","740.9972601599317"
"wavelet-HHL","glrlm","GrayLevelNonUniformityNormalized","0.5000658481079889","0.4986888420731859"
"wavelet-HHL","glrlm","GrayLevelVariance","0.24996707594600545","0.25269750255254064"
"wavelet-HHL","glrlm","HighGrayLevelRunEmphasis","2.4878298699355463","6.524636227682986"
"wavelet-HHL","glrlm","LongRunEmphasis","3.2326059141164096","3.7953304081634553"
"wavelet-HHL","glrlm","LongRunHighGrayLevelEmphasis","8.035902549175127","24.6539068298204"
"wavelet-HHL","glrlm","LongRunLowGrayLevelEmphasis","2.0317817553517314","0.6862580024825723"
"wavelet-HHL","glrlm","LowGrayLevelRunEmphasis","0.6280425325161134","0.1804239829273639"
"wavelet-HHL","glrlm","RunEntropy","2.412275014882585","2.5755900906725184"
"wavelet-HHL","glrlm","RunLengthNonUniformity","155.16940220233133","657.3584003957284"
"wavelet-HHL","glrlm","RunLengthNonUniformityNormalized","0.4692061779850826","0.43691048092007817"
"wavelet-HHL","glrlm","RunPercentage","0.6465530477506524","0.6092030151070742"
"wavelet-HHL","glrlm","RunVariance","0.7238459586731216","1.006470563591552"
"wavelet-HHL","glrlm","ShortRunEmphasis","0.6922881000753385","0.6671400032278325"
"wavelet-HHL","glrlm","ShortRunHighGrayLevelEmphasis","1.7265469846486043","4.356221968493276"
"wavelet-HHL","glrlm","ShortRunLowGrayLevelEmphasis","0.4337233789320219","0.12045826907046202"
"wavelet-HHL","glszm","GrayLevelNonUniformity","1.0","2.75"
"wavelet-HHL","glszm","GrayLevelNonUniformityNormalized","0.5","0.34375"
"wavelet-HHL","glszm","GrayLevelVariance","0.25","0.734375"
"wavelet-HHL","glszm","HighGrayLevelZoneEmphasis","2.5","6.375"
"wavelet-HHL","glszm","LargeAreaEmphasis","62756.5","368160.875"
"wavelet-HHL","glszm","LargeAreaHighGrayLevelEmphasis","155012.5","2402910.25"
"wavelet-HHL","glszm","LargeAreaLowGrayLevelEmphasis","39692.5","66199.57725694444"
"wavelet-HHL","glszm","LowGrayLevelZoneEmphasis","0.625","0.2855902777777778"
"wavelet-HHL","glszm","SizeZoneNonUniformity","1.0","2.5"
"wavelet-HHL","glszm","SizeZoneNonUniformityNormalized","0.5","0.3125"
"wavelet-HHL","glszm","SmallAreaEmphasis","1.5940954071088696e-05","0.5188890586733061"
"wavelet-HHL","glszm","SmallAreaHighGrayLevelEmphasis","4.032961171937174e-05","3.2255566546072267"
"wavelet-HHL","glszm","SmallAreaLowGrayLevelEmphasis","9.843789659017937e-06","0.1993403085596043"
"wavelet-HHL","glszm","ZoneEntropy","0.9999999999999993","2.749999999999998"
"wavelet-HHL","glszm","ZonePercentage","0.003992015968063872","0.003280032800328003"
"wavelet-HHL","glszm","ZoneVariance","6.25","275212.109375"
"wavelet-HHL","ngtdm","Busyness","129.940139837108","55.09604639527958"
"wavelet-HHL","ngtdm","Coarseness","0.007933377621596745","0.001646635514092465"
"wavelet-HHL","ngtdm","Complexity","0.5031924809927808","3.490188603361693"
"wavelet-HHL","ngtdm","Contrast","0.12578408274299127","0.020956193160038664"
"wavelet-HHL","ngtdm","Strength","0.007933472724549065","0.009857069609321754"
"wavelet-HHH","firstorder","10Percentile","-4.402895088472874","-5.463037563946771"
"wavelet-HHH","firstorder","90Percentile","4.404497823857645","5.255429714216017"
"wavelet-HHH","firstorder","Energy","5898.7501850789795","43598.161295057944"
"wavelet-HHH","firstorder","Entropy","0.9995142592467628","0.999851450245706"
"wavelet-HHH","firstorder","InterquartileRange","4.524158447692605","5.816618471116169"
"wavelet-HHH","firstorder","Kurtosis","3.153984599961776","3.0261747158369725"
"wavelet-HHH","firstorder","Maximum","9.509041728241966","14.404785910214525"
"wavelet-HHH","firstorder","MeanAbsoluteDeviation","2.711051817557547","3.383374440199351"
"wavelet-HHH","firstorder","Mean","0.02756467145464104","-0.0751080138509059"
"wavelet-HHH","firstorder","Median","0.10842780720503536","-0.1456681315989022"
"wavelet-HHH","firstorder","Minimum","-11.257469185703695","-15.568304378111"
"wavelet-HHH","firstorder","Range","20.76651091394566","29.973090288325523"
"wavelet-HHH","firstorder","RobustMeanAbsoluteDeviation","1.874427400309042","2.384135328511786"
"wavelet-HHH","firstorder","RootMeanSquared","3.4313193476019546","4.227933879003149"
"wavelet-HHH","firstorder","Skewness","-0.12501426384998265","-0.015554192711865648"
"wavelet-HHH","firstorder","TotalEnergy","18395.322183004668","135961.3813851411"
"wavelet-HHH","firstorder","Uniformity","0.5003366520452109","0.5001029633092559"
"wavelet-HHH","firstorder","Variance","11.7731926541151","17.869783671477983"
"wavelet-HHH","glcm","Autocorrelation","2.2749196262078737","2.232779365062536"
"wavelet-HHH","glcm","ClusterProminence","0.48550302160153297","0.4864224574605554"
"wavelet-HHH","glcm","ClusterShade","-0.008931824048437873","0.003458870460791367"
"wavelet-HHH","glcm","ClusterTendency","0.48562410990094107","0.4864183538660524"
"wavelet-HHH","glcm","Contrast","0.5138057015178146","0.5135042219774376"
"wavelet-HHH","glcm","Correlation","-0.028222006166746454","-0.02708449973243177"
"wavelet-HHH","glcm","DifferenceAverage","0.5138057015178146","0.5135042219774376"
"wavelet-HHH","glcm","DifferenceEntropy","0.9890860758540272","0.9921260063397828"
"wavelet-HHH","glcm","DifferenceVariance","0.24623541703637358","0.24730184091560686"
"wavelet-HHH","glcm","Id","0.7430971492410928","0.7432478890112812"
"wavelet-HHH","glcm","Idm","0.7430971492410928","0.7432478890112812"
"wavelet-HHH","glcm","Idmn","0.897238859696437","0.8972991556045122"
"wavelet-HHH","glcm","Idn","0.8287314328273951","0.828831926007521"
"wavelet-HHH","glcm","Imc1","-0.010992462234757753","-0.007873076503175418"
"wavelet-HHH","glcm","Imc2","0.12878488468669017","0.08203804161554942"
"wavelet-HHH","glcm","InverseVariance","0.5138057015178146","0.5135042219774376"
"wavelet-HHH","glcm","JointAverage","1.51060749232226","1.4965104920170849"
"wavelet-HHH","glcm","JointEnergy","0.25404967725424865","0.2527368711626482"
"wavelet-HHH","glcm","JointEntropy","1.9881898019870283","1.992015495553404"
"wavelet-HHH","glcm","MCC","0.10788717950509863","0.06899403174269546"
"wavelet-HHH","glcm","MaximumProbability","0.281089159834838","0.2696282141335491"
"wavelet-HHH","glcm","SumAverage","3.02121498464452","2.99302098403417"
"wavelet-HHH","glcm","SumEntropy","1.4743841004692142","1.4785112735759671"
"wavelet-HHH","glcm","SumSquares","0.24985745285468888","0.24998064396087247"
"wavelet-HHH","gldm","DependenceEntropy","4.582383649701754","4.625944778466457"
"wavelet-HHH","gldm","DependenceNonUniformity","46.365269461077844","219.62238622386224"
"wavelet-HHH","gldm","DependenceNonUniformityNormalized","0.09254544802610348","0.09004607881257165"
"wavelet-HHH","gldm","DependenceVariance","9.54993007995984","9.792804537311467"
"wavelet-HHH","gldm","GrayLevelNonUniformity","250.6686626746507","1219.7511275112752"
"wavelet-HHH","gldm","GrayLevelVariance","0.2498316739773945","0.24994851834537204"
"wavelet-HHH","gldm","HighGrayLevelEmphasis","2.538922155688623","2.4784747847478474"
"wavelet-HHH","gldm","LargeDependenceEmphasis","107.2874251497006","127.44280442804428"
"wavelet-HHH","gldm","LargeDependenceHighGrayLevelEmphasis","276.9101796407186","315.8560885608856"
"wavelet-HHH","gldm","LargeDependenceLowGrayLevelEmphasis","64.88173652694611","80.33948339483395"
"wavelet-HHH","gldm","LowGrayLevelEmphasis","0.6152694610778443","0.6303813038130381"
"wavelet-HHH","gldm","SmallDependenceEmphasis","0.01848699866839628","0.01382813649543638"
"wavelet-HHH","gldm","SmallDependenceHighGrayLevelEmphasis","0.0412547697167602","0.03573428272230718"
"wavelet-HHH","gldm","SmallDependenceLowGrayLevelEmphasis","0.0127950559063053","0.008351599938718673"
"wavelet-HHH","glrlm","GrayLevelNonUniformity","164.9543430404486","757.837129020543"
"wavelet-HHH","glrlm","GrayLevelNonUniformityNormalized","0.5002097718963852","0.5001178297355426"
"wavelet-HHH","glrlm","GrayLevelVariance","0.24989511405180737","0.24994108513222868"
"wavelet-HHH","glrlm","HighGrayLevelRunEmphasis","2.524042697012363","2.479342198052045"
"wavelet-HHH","glrlm","LongRunEmphasis","2.997290328918277","3.5561181666569803"
"wavelet-HHH","glrlm","LongRunHighGrayLevelEmphasis","7.635631596310448","8.792767086054466"
"wavelet-HHH","glrlm","LongRunLowGrayLevelEmphasis","1.8377050120702343","2.2469559368076095"
"wavelet-HHH","glrlm","LowGrayLevelRunEmphasis","0.6189893257469092","0.6301644504869888"
"wavelet-HHH","glrlm","RunEntropy","2.3665551728173932","2.5132029014885187"
"wavelet-HHH","glrlm","RunLengthNonUniformity","158.37631332113958","683.226695008362"
"wavelet-HHH","glrlm","RunLengthNonUniformityNormalized","0.47595257815690234","0.44767864020063547"
"wavelet-HHH","glrlm","RunPercentage","0.6582220175034548","0.6212823666698205"
"wavelet-HHH","glrlm","RunVariance","0.6410001595628955","0.9202137205495344"
"wavelet-HHH","glrlm","ShortRunEmphasis","0.7025907059417923","0.679957801870908"
"wavelet-HHH","glrlm","ShortRunHighGrayLevelEmphasis","1.7578503302381736","1.6858383979569156"
"wavelet-HHH","glrlm","ShortRunLowGrayLevelEmphasis","0.43877579986769716","0.4284876528494064"
"wavelet-HHH","glszm","GrayLevelNonUniformity","1.6666666666666667","3.4"
"wavelet-HHH","glszm","GrayLevelNonUniformityNormalized","0.5555555555555556","0.68"
"wavelet-HHH","glszm","GrayLevelVariance","0.2222222222222222","0.16000000000000003"
"wavelet-HHH","glszm","HighGrayLevelZoneEmphasis","2.0","3.4"
"wavelet-HHH","glszm","LargeAreaEmphasis","41699.666666666664","593075.8"
"wavelet-HHH","glszm","LargeAreaHighGrayLevelEmphasis","107748.66666666667","1454201.8"
"wavelet-HHH","glszm","LargeAreaLowGrayLevelEmphasis","25187.416666666668","377794.3"
"wavelet-HHH","glszm","LowGrayLevelZoneEmphasis","0.75","0.4"
"wavelet-HHH","glszm","SizeZoneNonUniformity","1.0","1.4"
"wavelet-HHH","glszm","SizeZoneNonUniformityNormalized","0.3333333333333333","0.28"
"wavelet-HHH","glszm","SmallAreaEmphasis","0.33334402512081773","0.4500002700575288"
"wavelet-HHH","glszm","SmallAreaHighGrayLevelEmphasis","0.33335916539546234","1.8000006881165642"
"wavelet-HHH","glszm","SmallAreaLowGrayLevelEmphasis","0.33334024005215657","0.1125001655427699"
"wavelet-HHH","glszm","ZoneEntropy","1.5849625007211552","1.9219280948873614"
"wavelet-HHH","glszm","ZonePercentage","0.005988023952095809","0.002050020500205002"
"wavelet-HHH","glszm","ZoneVariance","13810.666666666666","355126.96"
"wavelet-HHH","ngtdm","Busyness","120.10190434483614","656.4411035564541"
"wavelet-HHH","ngtdm","Coarseness","0.007724921455982459","0.0015918977968747718"
"wavelet-HHH","ngtdm","Complexity","0.5167710753838552","0.5151135969230238"
"wavelet-HHH","ngtdm","Contrast","0.1291186230030427","0.12874828312967362"
"wavelet-HHH","ngtdm","Strength","0.007724153252644152","0.0015919422741747832"
"wavelet-LLL","firstorder","10Percentile","-111.35637344717586","-114.77527277951904"
"wavelet-LLL","firstorder","90Percentile","138.2096694843427","106.65693016785313"
"wavelet-LLL","firstorder","Energy","5548778.8276931895","19482402.979898352"
"wavelet-LLL","firstorder","Entropy","3.7382323901155456","3.6600084174675427"
"wavelet-LLL","firstorder","InterquartileRange","145.8695151188184","106.77914079521318"
"wavelet-LLL","firstorder","Kurtosis","2.865808878340225","3.7262853590832945"
"wavelet-LLL","firstorder","Maximum","183.038412094658","185.15262208435664"
"wavelet-LLL","firstorder","MeanAbsoluteDeviation","81.49418741766748","69.17364870587416"
"wavelet-LLL","firstorder","Mean","36.52638394207157","17.383539095927432"
"wavelet-LLL","firstorder","Median","65.86139327529288","42.3052766722052"
"wavelet-LLL","firstorder","Minimum","-265.9592477502144","-322.3921233033851"
"wavelet-LLL","firstorder","Range","448.9976598448724","507.5447453877417"
"wavelet-LLL","firstorder","RobustMeanAbsoluteDeviation","60.138564996984435","46.13503030629287"
"wavelet-LLL","firstorder","RootMeanSquared","105.23975884475874","89.37485720497308"
"wavelet-LLL","firstorder","Skewness","-0.8697854833208127","-1.0176879410607786"
"wavelet-LLL","firstorder","TotalEnergy","17303932.367884215","60756103.9999462"
"wavelet-LLL","firstorder","Uniformity","0.09203548989844662","0.10145390916803797"
"wavelet-LLL","firstorder","Variance","9741.23011781935","7685.67766890969"
"wavelet-LLL","glcm","Autocorrelation","193.2037577120353","221.51985243256806"
"wavelet-LLL","glcm","ClusterProminence","6979.221629422239","6248.4531923051745"
"wavelet-LLL","glcm","ClusterShade","-315.69547486280084","-276.19723304289613"
"wavelet-LLL","glcm","ClusterTendency","46.97915032239229","36.06647281971589"
"wavelet-LLL","glcm","Contrast","5.726071489420773","5.934122963712958"
"wavelet-LLL","glcm","Correlation","0.7780473701058543","0.7122663956570967"
"wavelet-LLL","glcm","DifferenceAverage","1.7996243177782403","1.7783669114972012"
"wavelet-LLL","glcm","DifferenceEntropy","2.3983241981500845","2.438460471492446"
"wavelet-LLL","glcm","DifferenceVariance","2.307831587944018","2.558868926067613"
"wavelet-LLL","glcm","Id","0.4891225022217338","0.5034367937809819"
"wavelet-LLL","glcm","Idm","0.42491801534887347","0.44268310385801934"
"wavelet-LLL","glcm","Idmn","0.9849352362352151","0.9871823270589999"
"wavelet-LLL","glcm","Idn","0.9184087983838509","0.9265144748846"
"wavelet-LLL","glcm","Imc1","-0.24799966500578519","-0.17834837359779268"
"wavelet-LLL","glcm","Imc2","0.897332154485849","0.8068091251458712"
"wavelet-LLL","glcm","InverseVariance","0.4010813716058686","0.39694388044195605"
"wavelet-LLL","glcm","JointAverage","13.522572686142508","14.627782311647469"
"wavelet-LLL","glcm","JointEnergy","0.02190491032015187","0.021944540674581507"
"wavelet-LLL","glcm","JointEntropy","6.256391054017646","6.392574458687472"
"wavelet-LLL","glcm","MCC","0.8335757571522565","0.7890913996429146"
"wavelet-LLL","glcm","MaximumProbability","0.0754515010013853","0.07154902184652048"
"wavelet-LLL","glcm","SumAverage","27.045145372285017","29.255564623294934"
"wavelet-LLL","glcm","SumEntropy","4.420831413203739","4.361875146571192"
"wavelet-LLL","glcm","SumSquares","13.176305452953265","10.500148945857212"
"wavelet-LLL","gldm","DependenceEntropy","6.412965107644178","6.880377350663152"
"wavelet-LLL","gldm","DependenceNonUniformity","58.54890219560878","234.34153341533414"
"wavelet-LLL","gldm","DependenceNonUniformityNormalized","0.11686407623874008","0.09608098951018211"
"wavelet-LLL","gldm","DependenceVariance","9.279102473695323","13.701111886067611"
"wavelet-LLL","gldm","GrayLevelNonUniformity","46.10978043912176","247.44608446084462"
"wavelet-LLL","gldm","GrayLevelVariance","15.768351520511867","12.368737414311411"
"wavelet-LLL","gldm","HighGrayLevelEmphasis","183.57684630738524","213.95284952849528"
"wavelet-LLL","gldm","LargeDependenceEmphasis","32.36127744510978","45.68224682246822"
"wavelet-LLL","gldm","LargeDependenceHighGrayLevelEmphasis","7620.411177644711","11570.954079540796"
"wavelet-LLL","gldm","LargeDependenceLowGrayLevelEmphasis","0.2060993313436009","0.22883103521552034"
"wavelet-LLL","gldm","LowGrayLevelEmphasis","0.015220705853064976","0.008959809314957637"
"wavelet-LLL","gldm","SmallDependenceEmphasis","0.15071210838241053","0.1276931464141641"
"wavelet-LLL","gldm","SmallDependenceHighGrayLevelEmphasis","20.319580195850943","21.54838767176536"
"wavelet-LLL","gldm","SmallDependenceLowGrayLevelEmphasis","0.0038532520295625028","0.0014314075931633936"
"wavelet-LLL","glrlm","GrayLevelNonUniformity","35.684757416634106","184.4917135676621"
"wavelet-LLL","glrlm","GrayLevelNonUniformityNormalized","0.08329276444819082","0.09199340245483152"
"wavelet-LLL","glrlm","GrayLevelVariance","16.21050533084891","13.093738877577705"
"wavelet-LLL","glrlm","HighGrayLevelRunEmphasis","176.91320848904363","207.25933426787373"
"wavelet-LLL","glrlm","LongRunEmphasis","1.6373632484272664","1.8990336680359177"
"wavelet-LLL","glrlm","LongRunHighGrayLevelEmphasis","319.3102768842139","427.0451470369437"
"wavelet-LLL","glrlm","LongRunLowGrayLevelEmphasis","0.021415183537704864","0.014823595436564594"
"wavelet-LLL","glrlm","LowGrayLevelRunEmphasis","0.016457206610100483","0.009621235870789894"
"wavelet-LLL","glrlm","RunEntropy","4.3996027246601805","4.489267642762281"
"wavelet-LLL","glrlm","RunLengthNonUniformity","325.63522542785836","1460.2136532788363"
"wavelet-LLL","glrlm","RunLengthNonUniformityNormalized","0.7562170862964137","0.7203951136150661"
"wavelet-LLL","glrlm","RunPercentage","0.8536772608628896","0.8209543633897878"
"wavelet-LLL","glrlm","RunVariance","0.24266798570115058","0.36823561858656895"
"wavelet-LLL","glrlm","ShortRunEmphasis","0.8907929727987315","0.8704288351010763"
"wavelet-LLL","glrlm","ShortRunHighGrayLevelEmphasis","153.06410705806164","175.97522579097404"
"wavelet-LLL","glrlm","ShortRunLowGrayLevelEmphasis","0.015490183267371107","0.008783483250679371"
"wavelet-LLL","glszm","GrayLevelNonUniformity","6.146067415730337","25.107784431137723"
"wavelet-LLL","glszm","GrayLevelNonUniformityNormalized","0.06905693725539705","0.07517300727885547"
"wavelet-LLL","glszm","GrayLevelVariance","18.736270672894836","14.876698698411557"
"wavelet-LLL","glszm","HighGrayLevelZoneEmphasis","133.87640449438203","156.9431137724551"
"wavelet-LLL","glszm","LargeAreaEmphasis","176.0561797752809","1036.9790419161677"
"wavelet-LLL","glszm","LargeAreaHighGrayLevelEmphasis","42663.70786516854","267992.33832335327"
"wavelet-LLL","glszm","LargeAreaLowGrayLevelEmphasis","0.9489734625142795","4.260388010560803"
"wavelet-LLL","glszm","LowGrayLevelZoneEmphasis","0.031344822165500476","0.015017090188100787"
"wavelet-LLL","glszm","SizeZoneNonUniformity","18.325842696629213","82.37724550898204"
"wavelet-LLL","glszm","SizeZoneNonUniformityNormalized","0.20590834490594623","0.24663845960773065"
"wavelet-LLL","glszm","SmallAreaEmphasis","0.44935420800505727","0.5028640903967246"
"wavelet-LLL","glszm","SmallAreaHighGrayLevelEmphasis","54.52646479395337","78.90408187343586"
"wavelet-LLL","glszm","SmallAreaLowGrayLevelEmphasis","0.013449378941649135","0.005333187164891394"
"wavelet-LLL","glszm","ZoneEntropy","5.73669480724933","6.132189099761371"
"wavelet-LLL","glszm","ZonePercentage","0.17764471057884232","0.13694136941369414"
"wavelet-LLL","glszm","ZoneVariance","144.36813533644744","983.6540661192587"
"wavelet-LLL","ngtdm","Busyness","0.1523263301709895","0.6299750640081567"
"wavelet-LLL","ngtdm","Coarseness","0.023066397355560726","0.004305374083423181"
"wavelet-LLL","ngtdm","Complexity","171.37487336012455","218.44736780825338"
"wavelet-LLL","ngtdm","Contrast","0.10484406371226603","0.06688867995269954"
"wavelet-LLL","ngtdm","Strength","3.635372721873475","0.8986140386639628"
