"Image type","Feature Class","Feature Name","103: RTSTRUCT: TN_mammella_segm_3_segment_t_mammella","103: RTSTRUCT: TN_mammella_segm_3_segment_n_ascella"
"diagnostics","Versions","PyRadiomics","v3.1.0","v3.1.0"
"diagnostics","Versions","Numpy","1.23.4","1.23.4"
"diagnostics","Versions","SimpleITK","2.2.0rc2.dev368","2.2.0rc2.dev368"
"diagnostics","Versions","PyWavelet","1.4.1","1.4.1"
"diagnostics","Versions","Python","3.9.10","3.9.10"
"diagnostics","Configuration","Settings","{'minimumROIDimensions': 2, 'minimumROISize': None, 'normalize': False, 'normalizeScale': 1, 'removeOutliers': None, 'resampledPixelSpacing': None, 'interpolator': 'sitkBSpline', 'preCrop': False, 'padDistance': 5, 'distances': [1], 'force2D': False, 'force2Ddimension': 0, 'resegmentRange': None, 'label': 1, 'additionalInfo': True, 'binWidth': 25.0, 'symmetricalGLCM': True, 'correctMask': True}","{'minimumROIDimensions': 2, 'minimumROISize': None, 'normalize': False, 'normalizeScale': 1, 'removeOutliers': None, 'resampledPixelSpacing': None, 'interpolator': 'sitkBSpline', 'preCrop': False, 'padDistance': 5, 'distances': [1], 'force2D': False, 'force2Ddimension': 0, 'resegmentRange': None, 'label': 1, 'additionalInfo': True, 'binWidth': 25.0, 'symmetricalGLCM': True, 'correctMask': True}"
"diagnostics","Configuration","EnabledImageTypes","{'Original': {}, 'Wavelet': {}}","{'Original': {}, 'Wavelet': {}}"
"diagnostics","Image-original","Hash","98c8db464a0f11f2963fac5b836c2a6b6a309a6f","98c8db464a0f11f2963fac5b836c2a6b6a309a6f"
"diagnostics","Image-original","Dimensionality","3D","3D"
"diagnostics","Image-original","Spacing","(0.976562, 0.976562, 3.27)","(0.976562, 0.976562, 3.27)"
"diagnostics","Image-original","Size","(512, 512, 271)","(512, 512, 271)"
"diagnostics","Image-original","Mean","-1216.9004342617584","-1216.9004342617584"
"diagnostics","Image-original","Minimum","-3024.0","-3024.0"
"diagnostics","Image-original","Maximum","3071.0","3071.0"
"diagnostics","Mask-original","Hash","30a137772f86a2cc52e6ae46173a2a2aceee2ae1","4b16616b93db3ba2d74fc33491371c7e821b77b2"
"diagnostics","Mask-original","Spacing","(0.976562, 0.976562, 3.27)","(0.976562, 0.976562, 3.27)"
"diagnostics","Mask-original","Size","(512, 512, 271)","(512, 512, 271)"
"diagnostics","Mask-original","BoundingBox","(139, 212, 178, 16, 24, 8)","(147, 259, 190, 11, 11, 3)"
"diagnostics","Mask-original","VoxelNum","1022","218"
"diagnostics","Mask-original","VolumeNum","1","1"
"diagnostics","Mask-original","CenterOfMassIndex","(147.04011741682976, 224.54696673189824, 181.08904109589042)","(151.79357798165137, 263.4908256880734, 190.74770642201835)"
"diagnostics","Mask-original","CenterOfMass","(-106.40620885518592, -30.715965074363993, -271.98883561643856)","(-101.76415989908259, 7.315127715596361, -240.4050000000003)"
"original","shape","Elongation","0.5955791875363586","0.8100385212492125"
"original","shape","Flatness","0.4217692995557989","0.6799189207856641"
"original","shape","LeastAxisLength","11.713030058807332","8.233192762822881"
"original","shape","MajorAxisLength","27.77117744497601","12.10908023166823"
"original","shape","Maximum2DDiameterColumn","25.71538568517952","11.95684296343964"
"original","shape","Maximum2DDiameterRow","29.98202964218567","11.95684296343964"
"original","shape","Maximum2DDiameterSlice","25.031248156604338","14.517637828018854"
"original","shape","Maximum3DDiameter","31.24371363958299","15.280911882764066"
"original","shape","MeshVolume","3127.0877287983985","646.9612649250954"
"original","shape","MinorAxisLength","16.539935299606864","9.808821444548604"
"original","shape","Sphericity","0.6460330574139836","0.775922577224142"
"original","shape","SurfaceArea","1600.7472338432237","466.2132245134193"
"original","shape","SurfaceVolumeRatio","0.5118971300681481","0.7206199965733606"
"original","shape","VoxelVolume","3187.1190813582575","679.8355770411939"
"original","firstorder","10Percentile","4.0","-126.0"
"original","firstorder","90Percentile","43.0","34.0"
"original","firstorder","Energy","978030.0","1022269.0"
"original","firstorder","Entropy","1.4929974912021537","3.0229586720108235"
"original","firstorder","InterquartileRange","19.0","103.0"
"original","firstorder","Kurtosis","6.797151763365474","1.7834162740571504"
"original","firstorder","Maximum","60.0","60.0"
"original","firstorder","MeanAbsoluteDeviation","12.888706768126653","51.76003703391971"
"original","firstorder","Mean","25.24853228962818","-35.37155963302752"
"original","firstorder","Median","29.0","-24.5"
"original","firstorder","Minimum","-66.0","-157.0"
"original","firstorder","Range","126.0","217.0"
"original","firstorder","RobustMeanAbsoluteDeviation","8.104033374027452","43.1412700416614"
"original","firstorder","RootMeanSquared","30.93503703948083","68.47851735726717"
"original","firstorder","Skewness","-1.5613420206086366","-0.35260380780554706"
"original","firstorder","TotalEnergy","3049998.1165761417","3187957.961038185"
"original","firstorder","Uniformity","0.4409047912653521","0.13382711892938304"
"original","firstorder","Variance","319.48813385365406","3438.160108576719"
"original","glcm","Autocorrelation","21.227641129771165","46.51091832087473"
"original","glcm","ClusterProminence","10.192204450735945","600.2307328474116"
"original","glcm","ClusterShade","-2.0438736693480966","-41.93694053530875"
"original","glcm","ClusterTendency","1.2869692798021986","15.150087889018135"
"original","glcm","Contrast","0.7269392184303674","4.90944050172182"
"original","glcm","Correlation","0.27320429941523294","0.49876134676296624"
"original","glcm","DifferenceAverage","0.5325253491563365","1.6977845336561637"
"original","glcm","DifferenceEntropy","1.2942931491893364","2.2117051923661353"
"original","glcm","DifferenceVariance","0.4368083484103395","1.7048707061460235"
"original","glcm","Id","0.7610994079927275","0.49431431247781704"
"original","glcm","Idm","0.7528259247567023","0.4319140868746606"
"original","glcm","Idmn","0.9815614415858263","0.9569823201588445"
"original","glcm","Idn","0.9271447158725048","0.866683029221403"
"original","glcm","Imc1","-0.06720780165021964","-0.22357159621824213"
"original","glcm","Imc2","0.3754790998892303","0.836073722676256"
"original","glcm","InverseVariance","0.40753381752368445","0.4211369357518032"
"original","glcm","JointAverage","4.592099008506939","6.625997030987597"
"original","glcm","JointEnergy","0.24146361198148109","0.043942026127926526"
"original","glcm","JointEntropy","2.7081237148033357","5.089853645576464"
"original","glcm","MCC","0.38379643285268633","0.7158056317987518"
"original","glcm","MaximumProbability","0.416949710948422","0.1124815710371958"
"original","glcm","SumAverage","9.184198017013879","13.251994061975195"
"original","glcm","SumEntropy","2.014912998689842","3.610325824084192"
"original","glcm","SumSquares","0.5034771245581414","5.014882097684989"
"original","gldm","DependenceEntropy","5.523957356378065","5.437434266603842"
"original","gldm","DependenceNonUniformity","47.08610567514677","28.36697247706422"
"original","gldm","DependenceNonUniformityNormalized","0.04607251044534909","0.13012372695901017"
"original","gldm","DependenceVariance","37.13651525537968","5.194933086440535"
"original","gldm","GrayLevelNonUniformity","450.60469667318984","29.174311926605505"
"original","gldm","GrayLevelVariance","0.5837178932372348","5.756775523945796"
"original","gldm","HighGrayLevelEmphasis","21.107632093933464","42.92201834862385"
"original","gldm","LargeDependenceEmphasis","167.12328767123287","25.40366972477064"
"original","gldm","LargeDependenceHighGrayLevelEmphasis","3922.9549902152644","1463.665137614679"
"original","gldm","LargeDependenceLowGrayLevelEmphasis","7.442411393781256","1.0639710696545013"
"original","gldm","LowGrayLevelEmphasis","0.05867579908675798","0.06370283833886936"
"original","gldm","SmallDependenceEmphasis","0.044296984016254856","0.14239734013721017"
"original","gldm","SmallDependenceHighGrayLevelEmphasis","0.9009533128891752","4.4175955801960605"
"original","gldm","SmallDependenceLowGrayLevelEmphasis","0.004862625388384312","0.010231390573222624"
"original","glrlm","GrayLevelNonUniformity","226.57731268499998","24.58270803722945"
"original","glrlm","GrayLevelNonUniformityNormalized","0.3677231094997033","0.12967072440174565"
"original","glrlm","GrayLevelVariance","0.7466836299393994","5.594347386774571"
"original","glrlm","HighGrayLevelRunEmphasis","20.024174549081486","41.074706916609266"
"original","glrlm","LongRunEmphasis","4.734220487273689","1.7567326642113383"
"original","glrlm","LongRunHighGrayLevelEmphasis","106.70123778349229","84.91209912996202"
"original","glrlm","LongRunLowGrayLevelEmphasis","0.23789187068915368","0.09731882499486563"
"original","glrlm","LowGrayLevelRunEmphasis","0.06630502520625169","0.06658931195108705"
"original","glrlm","RunEntropy","3.1830058941047437","3.5642378546273883"
"original","glrlm","RunLengthNonUniformity","286.3096386156992","153.48412362883116"
"original","glrlm","RunLengthNonUniformityNormalized","0.4546274322742268","0.790636484225667"
"original","glrlm","RunPercentage","0.5999548396808672","0.865561044460127"
"original","glrlm","RunVariance","1.6826071470043542","0.3165186652262387"
"original","glrlm","ShortRunEmphasis","0.6933623497169956","0.9012404600051885"
"original","glrlm","ShortRunHighGrayLevelEmphasis","13.30707567376609","36.39409014336255"
"original","glrlm","ShortRunLowGrayLevelEmphasis","0.05083299414998062","0.060965627970086304"
"original","glszm","GrayLevelNonUniformity","10.64102564102564","5.578947368421052"
"original","glszm","GrayLevelNonUniformityNormalized","0.27284681130834976","0.14681440443213298"
"original","glszm","GrayLevelVariance","2.9598948060486525","3.8421052631578947"
"original","glszm","HighGrayLevelZoneEmphasis","21.076923076923077","28.842105263157894"
"original","glszm","LargeAreaEmphasis","11176.307692307691","116.0"
"original","glszm","LargeAreaHighGrayLevelEmphasis","260307.89743589744","7095.921052631579"
"original","glszm","LargeAreaLowGrayLevelEmphasis","496.48789173789174","3.92007779037541"
"original","glszm","LowGrayLevelZoneEmphasis","0.13243589743589743","0.08776346040365463"
"original","glszm","SizeZoneNonUniformity","11.512820512820513","7.105263157894737"
"original","glszm","SizeZoneNonUniformityNormalized","0.29520052596975677","0.18698060941828254"
"original","glszm","SmallAreaEmphasis","0.5589708400032123","0.4260488678348421"
"original","glszm","SmallAreaHighGrayLevelEmphasis","13.235334798423114","11.347242709362765"
"original","glszm","SmallAreaLowGrayLevelEmphasis","0.06953102501210849","0.02769736201715588"
"original","glszm","ZoneEntropy","3.7581324032382115","4.5014925666909384"
"original","glszm","ZonePercentage","0.03816046966731898","0.1743119266055046"
"original","glszm","ZoneVariance","10489.598948060488","83.08864265927977"
"original","ngtdm","Busyness","4.327609261831942","0.542363305836836"
"original","ngtdm","Coarseness","0.006357907183738588","0.03145598656103576"
"original","ngtdm","Complexity","7.221586111424582","43.52188482334001"
"original","ngtdm","Contrast","0.017602644634251173","0.14112562346716162"
"original","ngtdm","Strength","0.11841769422812581","1.1944307729929742"
"wavelet-LLH","firstorder","10Percentile","-45.215261352752854","-111.24710709553582"
"wavelet-LLH","firstorder","90Percentile","18.88534096428075","40.07689276918578"
"wavelet-LLH","firstorder","Energy","784532.332290061","1155352.541113535"
"wavelet-LLH","firstorder","Entropy","2.116109880205215","3.174441473068744"
"wavelet-LLH","firstorder","InterquartileRange","31.837389713242114","93.5909926511084"
"wavelet-LLH","firstorder","Kurtosis","3.44280532720959","2.2954950150101294"
"wavelet-LLH","firstorder","Maximum","70.69165257999286","103.8917416630387"
"wavelet-LLH","firstorder","MeanAbsoluteDeviation","19.868975495797176","49.379056393653"
"wavelet-LLH","firstorder","Mean","-10.025352104493185","-43.15872655617002"
"wavelet-LLH","firstorder","Median","-8.317975112812308","-51.59135692911666"
"wavelet-LLH","firstorder","Minimum","-91.33334923518755","-162.31780221617134"
"wavelet-LLH","firstorder","Range","162.02500181518042","266.20954387921006"
"wavelet-LLH","firstorder","RobustMeanAbsoluteDeviation","13.113099682624885","37.027602606521256"
"wavelet-LLH","firstorder","RootMeanSquared","27.706392055868342","72.7996036986874"
"wavelet-LLH","firstorder","Skewness","-0.03792766349592589","0.3937856581279954"
"wavelet-LLH","firstorder","TotalEnergy","2446573.352430676","3602980.557219861"
"wavelet-LLH","firstorder","Uniformity","0.27783288207382784","0.1251578149987375"
"wavelet-LLH","firstorder","Variance","667.1364759344183","3437.1066207356844"
"wavelet-LLH","glcm","Autocorrelation","17.292124568478464","30.230300519653188"
"wavelet-LLH","glcm","ClusterProminence","22.632525836196937","423.50651849896724"
"wavelet-LLH","glcm","ClusterShade","-0.9930790925030639","23.598438712758554"
"wavelet-LLH","glcm","ClusterTendency","2.3593621280411936","12.292007258298932"
"wavelet-LLH","glcm","Contrast","1.8730673545507157","9.334058991750872"
"wavelet-LLH","glcm","Correlation","0.09704243606971767","0.149690239984009"
"wavelet-LLH","glcm","DifferenceAverage","0.9375579519796212","2.204058661711122"
"wavelet-LLH","glcm","DifferenceEntropy","1.6975462670137347","2.4363162365242412"
"wavelet-LLH","glcm","DifferenceVariance","0.8985184066531549","3.6376356958918525"
"wavelet-LLH","glcm","Id","0.6444671387914567","0.47603489022972134"
"wavelet-LLH","glcm","Idm","0.6174597833538248","0.4150524993476162"
"wavelet-LLH","glcm","Idmn","0.9671946358040279","0.9460004642182638"
"wavelet-LLH","glcm","Idn","0.894169073553494","0.861910050037048"
"wavelet-LLH","glcm","Imc1","-0.13340152098080568","-0.24178469341223646"
"wavelet-LLH","glcm","Imc2","0.5718992376497053","0.8618275702634656"
"wavelet-LLH","glcm","InverseVariance","0.470992876742289","0.37766660926245604"
"wavelet-LLH","glcm","JointAverage","4.143690775647854","5.429154585938978"
"wavelet-LLH","glcm","JointEnergy","0.10270741383503344","0.03322070163950305"
"wavelet-LLH","glcm","JointEntropy","3.8540030625360737","5.353611875143478"
"wavelet-LLH","glcm","MCC","0.4621296435392254","0.6573666664848985"
"wavelet-LLH","glcm","MaximumProbability","0.19306443160092518","0.07891330858120155"
"wavelet-LLH","glcm","SumAverage","8.28738155129571","10.858309171877956"
"wavelet-LLH","glcm","SumEntropy","2.547742400523555","3.5443553417852076"
"wavelet-LLH","glcm","SumSquares","1.0581073706479773","5.406516562512451"
"wavelet-LLH","gldm","DependenceEntropy","5.730990284286287","5.6078843378939425"
"wavelet-LLH","gldm","DependenceNonUniformity","71.01761252446184","27.889908256880734"
"wavelet-LLH","gldm","DependenceNonUniformityNormalized","0.06948885765602919","0.12793535897651712"
"wavelet-LLH","gldm","DependenceVariance","16.745562402104774","6.5726790674185676"
"wavelet-LLH","gldm","GrayLevelNonUniformity","283.94520547945206","27.28440366972477"
"wavelet-LLH","gldm","GrayLevelVariance","1.1273671975827297","5.591132901270938"
"wavelet-LLH","gldm","HighGrayLevelEmphasis","17.879647749510763","39.05045871559633"
"wavelet-LLH","gldm","LargeDependenceEmphasis","85.3013698630137","27.61467889908257"
"wavelet-LLH","gldm","LargeDependenceHighGrayLevelEmphasis","1557.0440313111546","788.1880733944954"
"wavelet-LLH","gldm","LargeDependenceLowGrayLevelEmphasis","5.390331172260163","1.5846711900357175"
"wavelet-LLH","gldm","LowGrayLevelEmphasis","0.08184849412693976","0.058755118671380745"
"wavelet-LLH","gldm","SmallDependenceEmphasis","0.049351471085425626","0.1479172529033152"
"wavelet-LLH","gldm","SmallDependenceHighGrayLevelEmphasis","0.9138474211797682","7.706528239974701"
"wavelet-LLH","gldm","SmallDependenceLowGrayLevelEmphasis","0.005702887311829657","0.008487712122256366"
"wavelet-LLH","glrlm","GrayLevelNonUniformity","184.9760552485312","22.655433143043105"
"wavelet-LLH","glrlm","GrayLevelNonUniformityNormalized","0.2513036962019621","0.1205154993224932"
"wavelet-LLH","glrlm","GrayLevelVariance","1.3041215687273497","5.6895429916353155"
"wavelet-LLH","glrlm","HighGrayLevelRunEmphasis","17.78853637439401","40.3248057399577"
"wavelet-LLH","glrlm","LongRunEmphasis","3.015183641731188","1.7171432217054243"
"wavelet-LLH","glrlm","LongRunHighGrayLevelEmphasis","54.10201479630459","63.04113054201457"
"wavelet-LLH","glrlm","LongRunLowGrayLevelEmphasis","0.22591099491504887","0.10078825950964625"
"wavelet-LLH","glrlm","LowGrayLevelRunEmphasis","0.08735249166293792","0.05893014358109365"
"wavelet-LLH","glrlm","RunEntropy","3.332195224042648","3.728085138104099"
"wavelet-LLH","glrlm","RunLengthNonUniformity","448.2202993895545","149.84242031064426"
"wavelet-LLH","glrlm","RunLengthNonUniformityNormalized","0.5795615683021764","0.7757072520540759"
"wavelet-LLH","glrlm","RunPercentage","0.7200060213758844","0.862032462949894"
"wavelet-LLH","glrlm","RunVariance","0.7655421472648121","0.27319201776881297"
"wavelet-LLH","glrlm","ShortRunEmphasis","0.7736211369552091","0.8937913237410183"
"wavelet-LLH","glrlm","ShortRunHighGrayLevelEmphasis","13.674584256389572","36.864098971328346"
"wavelet-LLH","glrlm","ShortRunLowGrayLevelEmphasis","0.0712853598848808","0.05281475023143059"
"wavelet-LLH","glszm","GrayLevelNonUniformity","7.8","4.853658536585366"
"wavelet-LLH","glszm","GrayLevelNonUniformityNormalized","0.17333333333333334","0.11838191552647234"
"wavelet-LLH","glszm","GrayLevelVariance","3.4399999999999995","7.3468173706127295"
"wavelet-LLH","glszm","HighGrayLevelZoneEmphasis","18.91111111111111","51.68292682926829"
"wavelet-LLH","glszm","LargeAreaEmphasis","5485.6","89.3170731707317"
"wavelet-LLH","glszm","LargeAreaHighGrayLevelEmphasis","99288.73333333334","2336.512195121951"
"wavelet-LLH","glszm","LargeAreaLowGrayLevelEmphasis","326.8903786848072","5.470979420120681"
"wavelet-LLH","glszm","LowGrayLevelZoneEmphasis","0.16378319475938524","0.06838845924007206"
"wavelet-LLH","glszm","SizeZoneNonUniformity","7.711111111111111","8.073170731707316"
"wavelet-LLH","glszm","SizeZoneNonUniformityNormalized","0.17135802469135802","0.19690660321237358"
"wavelet-LLH","glszm","SmallAreaEmphasis","0.3507810589779091","0.4278052480546652"
"wavelet-LLH","glszm","SmallAreaHighGrayLevelEmphasis","7.284644802167451","25.83114504633742"
"wavelet-LLH","glszm","SmallAreaLowGrayLevelEmphasis","0.04454292408867865","0.023045450929397318"
"wavelet-LLH","glszm","ZoneEntropy","4.719522262948255","4.735362370366198"
"wavelet-LLH","glszm","ZonePercentage","0.04403131115459882","0.18807339449541285"
"wavelet-LLH","glszm","ZoneVariance","4969.805432098766","61.045806067816784"
"wavelet-LLH","ngtdm","Busyness","4.8597673344459125","0.6167079018952155"
"wavelet-LLH","ngtdm","Coarseness","0.006655846739024173","0.03170312792594711"
"wavelet-LLH","ngtdm","Complexity","13.712099382040533","75.52800428801571"
"wavelet-LLH","ngtdm","Contrast","0.03945449067478303","0.11984955794148633"
"wavelet-LLH","ngtdm","Strength","0.09573097342180602","1.402251877492987"
"wavelet-LHL","firstorder","10Percentile","-15.362301529320316","-22.909662802608"
"wavelet-LHL","firstorder","90Percentile","14.76379362223912","24.19661718368232"
"wavelet-LHL","firstorder","Energy","146987.54608791848","65186.87740194268"
"wavelet-LHL","firstorder","Entropy","1.212881809062769","1.655811929950631"
"wavelet-LHL","firstorder","InterquartileRange","15.263046701793543","24.321778566990915"
"wavelet-LHL","firstorder","Kurtosis","3.5467717181537415","2.508631793364473"
"wavelet-LHL","firstorder","Maximum","42.86760389732207","41.49134341358799"
"wavelet-LHL","firstorder","MeanAbsoluteDeviation","9.317960683187032","14.155306023930475"
"wavelet-LHL","firstorder","Mean","-0.9266099058519373","-0.949794841761601"
"wavelet-LHL","firstorder","Median","-1.1021525373328471","-0.7155822596128412"
"wavelet-LHL","firstorder","Minimum","-46.218591253932324","-41.26622608977267"
"wavelet-LHL","firstorder","Range","89.0861951512544","82.75756950336066"
"wavelet-LHL","firstorder","RobustMeanAbsoluteDeviation","6.326274524629652","10.224017977660246"
"wavelet-LHL","firstorder","RootMeanSquared","11.992640685620563","17.292263397352205"
"wavelet-LHL","firstorder","Skewness","-0.0635880359691089","0.16563494527729347"
"wavelet-LHL","firstorder","TotalEnergy","458382.4000575649","203286.0477709324"
"wavelet-LHL","firstorder","Uniformity","0.46992390500955494","0.3594394411244845"
"wavelet-LHL","firstorder","Variance","142.96482469677872","298.12026316196983"
"wavelet-LHL","glcm","Autocorrelation","6.025913613794554","6.191507563662224"
"wavelet-LHL","glcm","ClusterProminence","1.339045498485955","6.912408574887759"
"wavelet-LHL","glcm","ClusterShade","0.028407724523370762","0.4156900982032141"
"wavelet-LHL","glcm","ClusterTendency","0.682641570316141","1.5670720046939908"
"wavelet-LHL","glcm","Contrast","0.5873493878375251","0.7889416654823697"
"wavelet-LHL","glcm","Correlation","0.07409332215121545","0.3331039207047527"
"wavelet-LHL","glcm","DifferenceAverage","0.52314110577386","0.6093302922052874"
"wavelet-LHL","glcm","DifferenceEntropy","1.1210684733892322","1.2934642358267696"
"wavelet-LHL","glcm","DifferenceVariance","0.29868382872571336","0.40048042573870657"
"wavelet-LHL","glcm","Id","0.7484606294445718","0.722699904072292"
"wavelet-LHL","glcm","Idm","0.7448502753194364","0.7132959912250645"
"wavelet-LHL","glcm","Idmn","0.966753432482078","0.957414406970855"
"wavelet-LHL","glcm","Idn","0.897435460855452","0.8838272526257506"
"wavelet-LHL","glcm","Imc1","-0.0580542162801309","-0.10686227774314812"
"wavelet-LHL","glcm","Imc2","0.3047187542338378","0.5145980117498561"
"wavelet-LHL","glcm","InverseVariance","0.4732885068634408","0.47644425057552114"
"wavelet-LHL","glcm","JointAverage","2.4499085663394706","2.448682446613028"
"wavelet-LHL","glcm","JointEnergy","0.23383593252378027","0.1516059098749892"
"wavelet-LHL","glcm","JointEntropy","2.35523469707956","3.1269819969839543"
"wavelet-LHL","glcm","MCC","0.2645699868360991","0.4414905392504372"
"wavelet-LHL","glcm","MaximumProbability","0.29359398673699844","0.2548929409712228"
"wavelet-LHL","glcm","SumAverage","4.89981713267894","4.897364893226056"
"wavelet-LHL","glcm","SumEntropy","1.71588422309549","2.3057017543951543"
"wavelet-LHL","glcm","SumSquares","0.31749773953841653","0.5890034175440902"
"wavelet-LHL","gldm","DependenceEntropy","5.104025283503881","5.055679482742741"
"wavelet-LHL","gldm","DependenceNonUniformity","68.80039138943249","18.0"
"wavelet-LHL","gldm","DependenceNonUniformityNormalized","0.06731936535169519","0.08256880733944955"
"wavelet-LHL","gldm","DependenceVariance","16.876708499124927","13.804393569564851"
"wavelet-LHL","gldm","GrayLevelNonUniformity","480.26223091976516","78.35779816513761"
"wavelet-LHL","gldm","GrayLevelVariance","0.31733947097322696","0.589365373285077"
"wavelet-LHL","gldm","HighGrayLevelEmphasis","6.291585127201565","6.885321100917431"
"wavelet-LHL","gldm","LargeDependenceEmphasis","128.67318982387476","79.57798165137615"
"wavelet-LHL","gldm","LargeDependenceHighGrayLevelEmphasis","770.8101761252447","475.0963302752294"
"wavelet-LHL","gldm","LargeDependenceLowGrayLevelEmphasis","25.26535659926071","17.607798165137616"
"wavelet-LHL","gldm","LowGrayLevelEmphasis","0.20269352033050664","0.2352191641182467"
"wavelet-LHL","gldm","SmallDependenceEmphasis","0.027174858532639738","0.06401485826992126"
"wavelet-LHL","gldm","SmallDependenceHighGrayLevelEmphasis","0.18444612212527103","0.40574265375659574"
"wavelet-LHL","gldm","SmallDependenceLowGrayLevelEmphasis","0.009510932638960225","0.02896455741348847"
"wavelet-LHL","glrlm","GrayLevelNonUniformity","292.399768415952","54.30428798417693"
"wavelet-LHL","glrlm","GrayLevelNonUniformityNormalized","0.45235433041364953","0.34176531144521055"
"wavelet-LHL","glrlm","GrayLevelVariance","0.351643527279208","0.647151327057736"
"wavelet-LHL","glrlm","HighGrayLevelRunEmphasis","6.404781099733748","7.095956195820556"
"wavelet-LHL","glrlm","LongRunEmphasis","3.8128276801852006","2.762799673125587"
"wavelet-LHL","glrlm","LongRunHighGrayLevelEmphasis","23.463667410944574","18.058354509851092"
"wavelet-LHL","glrlm","LongRunLowGrayLevelEmphasis","0.7590679993065368","0.6299208115541763"
"wavelet-LHL","glrlm","LowGrayLevelRunEmphasis","0.2070296440242526","0.2414969610572767"
"wavelet-LHL","glrlm","RunEntropy","2.7517552179022156","2.771056179169827"
"wavelet-LHL","glrlm","RunLengthNonUniformity","304.0994460265716","93.06696919366458"
"wavelet-LHL","glrlm","RunLengthNonUniformityNormalized","0.4558614970035446","0.5674991632830036"
"wavelet-LHL","glrlm","RunPercentage","0.631792864669577","0.7265349329569513"
"wavelet-LHL","glrlm","RunVariance","0.9818790342154201","0.6080872248467494"
"wavelet-LHL","glrlm","ShortRunEmphasis","0.6819101652719015","0.7659688568818616"
"wavelet-LHL","glrlm","ShortRunHighGrayLevelEmphasis","4.437777780065813","5.55913247005327"
"wavelet-LHL","glrlm","ShortRunLowGrayLevelEmphasis","0.1448598022016677","0.18975181945250963"
"wavelet-LHL","glszm","GrayLevelNonUniformity","6.523809523809524","4.142857142857143"
"wavelet-LHL","glszm","GrayLevelNonUniformityNormalized","0.31065759637188206","0.29591836734693877"
"wavelet-LHL","glszm","GrayLevelVariance","1.6507936507936507","1.4081632653061225"
"wavelet-LHL","glszm","HighGrayLevelZoneEmphasis","7.095238095238095","6.0"
"wavelet-LHL","glszm","LargeAreaEmphasis","22633.809523809523","1140.857142857143"
"wavelet-LHL","glszm","LargeAreaHighGrayLevelEmphasis","135027.80952380953","7398.785714285715"
"wavelet-LHL","glszm","LargeAreaLowGrayLevelEmphasis","4425.765873015874","215.99305555555557"
"wavelet-LHL","glszm","LowGrayLevelZoneEmphasis","0.4914021164021164","0.5114087301587301"
"wavelet-LHL","glszm","SizeZoneNonUniformity","5.666666666666667","5.0"
"wavelet-LHL","glszm","SizeZoneNonUniformityNormalized","0.2698412698412698","0.35714285714285715"
"wavelet-LHL","glszm","SmallAreaEmphasis","0.5257249065744889","0.5980515114529378"
"wavelet-LHL","glszm","SmallAreaHighGrayLevelEmphasis","3.5676641390372623","3.236383991932132"
"wavelet-LHL","glszm","SmallAreaLowGrayLevelEmphasis","0.285560072963078","0.34970347223914"
"wavelet-LHL","glszm","ZoneEntropy","3.517816090559695","2.9502120649147443"
"wavelet-LHL","glszm","ZonePercentage","0.02054794520547945","0.06422018348623854"
"wavelet-LHL","glszm","ZoneVariance","20265.365079365078","898.3877551020407"
"wavelet-LHL","ngtdm","Busyness","22.190158182571178","3.9180977692870904"
"wavelet-LHL","ngtdm","Coarseness","0.004618577418627425","0.03284489053198675"
"wavelet-LHL","ngtdm","Complexity","3.1310770291476646","2.4897905294229092"
"wavelet-LHL","ngtdm","Contrast","0.025703821022657822","0.04635240331127291"
"wavelet-LHL","ngtdm","Strength","0.0252952156709233","0.1430482277800196"
"wavelet-LHH","firstorder","10Percentile","-10.348445980473658","-13.0202326545421"
"wavelet-LHH","firstorder","90Percentile","10.33646996787138","14.639894992752847"
"wavelet-LHH","firstorder","Energy","72140.68172157204","26011.37602700221"
"wavelet-LHH","firstorder","Entropy","1.0703261429878264","1.156193451888175"
"wavelet-LHH","firstorder","InterquartileRange","10.711196725796208","13.988759490036662"
"wavelet-LHH","firstorder","Kurtosis","3.8185309422622833","2.99251701021181"
"wavelet-LHH","firstorder","Maximum","25.897555635862172","28.96377921635292"
"wavelet-LHH","firstorder","MeanAbsoluteDeviation","6.5423336637115215","8.491987193996248"
"wavelet-LHH","firstorder","Mean","0.046744302771044015","0.7414228044825049"
"wavelet-LHH","firstorder","Median","0.21908599831893336","0.5029946070674243"
"wavelet-LHH","firstorder","Minimum","-33.30280361519845","-28.76183932860546"
"wavelet-LHH","firstorder","Range","59.20035925106062","57.72561854495838"
"wavelet-LHH","firstorder","RobustMeanAbsoluteDeviation","4.443328320940027","5.6827554883776905"
"wavelet-LHH","firstorder","RootMeanSquared","8.40165169447508","10.923288820496024"
"wavelet-LHH","firstorder","Skewness","-0.15861190420835752","-0.02942037272248744"
"wavelet-LHH","firstorder","TotalEnergy","224971.5687446332","81116.78362822259"
"wavelet-LHH","firstorder","Uniformity","0.4915364907456697","0.47811632017506933"
"wavelet-LHH","firstorder","Variance","70.58556616543443","118.76853088096675"
"wavelet-LHH","glcm","Autocorrelation","6.245276252804962","6.491999439659407"
"wavelet-LHH","glcm","ClusterProminence","0.6093891887025684","1.0082524805832735"
"wavelet-LHH","glcm","ClusterShade","-0.028362666598328114","0.01684135227298307"
"wavelet-LHH","glcm","ClusterTendency","0.5221440675412027","0.635593331020655"
"wavelet-LHH","glcm","Contrast","0.5343939322878098","0.5446664438771377"
"wavelet-LHH","glcm","Correlation","-0.011348566621979975","0.07723497260384052"
"wavelet-LHH","glcm","DifferenceAverage","0.5178809044438766","0.5093637822947933"
"wavelet-LHH","glcm","DifferenceEntropy","1.0197657067223058","1.0918475884517278"
"wavelet-LHH","glcm","DifferenceVariance","0.2521585875533368","0.2803430813607843"
"wavelet-LHH","glcm","Id","0.743811719085384","0.7512018857829941"
"wavelet-LHH","glcm","Idm","0.742710850562455","0.7488483750108377"
"wavelet-LHH","glcm","Idmn","0.9688564691803158","0.9685837855645626"
"wavelet-LHH","glcm","Idn","0.8969742533726891","0.8993039989271195"
"wavelet-LHH","glcm","Imc1","-0.04466467583864498","-0.03939247499866134"
"wavelet-LHH","glcm","Imc2","0.2566809240542184","0.2574002452967258"
"wavelet-LHH","glcm","InverseVariance","0.5034320050804351","0.47847395341024196"
"wavelet-LHH","glcm","JointAverage","2.4996632445843385","2.5434117838541663"
"wavelet-LHH","glcm","JointEnergy","0.2558982081814683","0.23565274996313396"
"wavelet-LHH","glcm","JointEntropy","2.068116793627895","2.2642636048655733"
"wavelet-LHH","glcm","MCC","0.21565489510481958","0.2033009301024036"
"wavelet-LHH","glcm","MaximumProbability","0.2962587004008563","0.2828152232649438"
"wavelet-LHH","glcm","SumAverage","4.999326489168677","5.086823567708334"
"wavelet-LHH","glcm","SumEntropy","1.5064726136433002","1.6757416395525988"
"wavelet-LHH","glcm","SumSquares","0.2641344999572532","0.2950649437244483"
"wavelet-LHH","gldm","DependenceEntropy","4.785153797369828","4.7485927464014095"
"wavelet-LHH","gldm","DependenceNonUniformity","80.74559686888453","17.71559633027523"
"wavelet-LHH","gldm","DependenceNonUniformityNormalized","0.07900743333550346","0.08126420334988638"
"wavelet-LHH","gldm","DependenceVariance","12.152825701494708","13.197963134416295"
"wavelet-LHH","gldm","GrayLevelNonUniformity","502.3502935420744","104.22935779816514"
"wavelet-LHH","gldm","GrayLevelVariance","0.2675972058930534","0.29534550963723594"
"wavelet-LHH","gldm","HighGrayLevelEmphasis","6.5371819960861055","6.660550458715596"
"wavelet-LHH","gldm","LargeDependenceEmphasis","117.74755381604696","87.56880733944953"
"wavelet-LHH","gldm","LargeDependenceHighGrayLevelEmphasis","774.9481409001957","606.4311926605504"
"wavelet-LHH","gldm","LargeDependenceLowGrayLevelEmphasis","21.015424548814963","14.788895259938839"
"wavelet-LHH","gldm","LowGrayLevelEmphasis","0.18437432050445748","0.18421890927624873"
"wavelet-LHH","gldm","SmallDependenceEmphasis","0.019999643274570603","0.043545499448905754"
"wavelet-LHH","gldm","SmallDependenceHighGrayLevelEmphasis","0.14526834045517664","0.3155441589993612"
"wavelet-LHH","gldm","SmallDependenceLowGrayLevelEmphasis","0.004523202958997097","0.014079296480165412"
"wavelet-LHH","glrlm","GrayLevelNonUniformity","320.31750305066845","72.35992624706775"
"wavelet-LHH","glrlm","GrayLevelNonUniformityNormalized","0.48708461119665425","0.468453977178258"
"wavelet-LHH","glrlm","GrayLevelVariance","0.27674002135378034","0.3160903692620834"
"wavelet-LHH","glrlm","HighGrayLevelRunEmphasis","6.522098730853407","6.6390376598355845"
"wavelet-LHH","glrlm","LongRunEmphasis","3.8556188894353864","2.9770034790102375"
"wavelet-LHH","glrlm","LongRunHighGrayLevelEmphasis","25.16623426741841","20.05980263111497"
"wavelet-LHH","glrlm","LongRunLowGrayLevelEmphasis","0.7027199316097186","0.5299146349735342"
"wavelet-LHH","glrlm","LowGrayLevelRunEmphasis","0.18720780235099774","0.18858799918652516"
"wavelet-LHH","glrlm","RunEntropy","2.5325537522658164","2.363105862347965"
"wavelet-LHH","glrlm","RunLengthNonUniformity","318.91636386771904","85.54026081669748"
"wavelet-LHH","glrlm","RunLengthNonUniformityNormalized","0.4692621589084117","0.5358442302496205"
"wavelet-LHH","glrlm","RunPercentage","0.6432334788499171","0.7067748764996471"
"wavelet-LHH","glrlm","RunVariance","1.000728869579946","0.6823699197639499"
"wavelet-LHH","glrlm","ShortRunEmphasis","0.6908479684474111","0.7426017860823332"
"wavelet-LHH","glrlm","ShortRunHighGrayLevelEmphasis","4.489718920875218","4.925882982788523"
"wavelet-LHH","glrlm","ShortRunLowGrayLevelEmphasis","0.13164761846407189","0.14317433913090663"
"wavelet-LHH","glszm","GrayLevelNonUniformity","2.5555555555555554","1.8571428571428572"
"wavelet-LHH","glszm","GrayLevelNonUniformityNormalized","0.2839506172839506","0.2653061224489796"
"wavelet-LHH","glszm","GrayLevelVariance","1.3580246913580245","1.3877551020408165"
"wavelet-LHH","glszm","HighGrayLevelZoneEmphasis","7.333333333333333","8.0"
"wavelet-LHH","glszm","LargeAreaEmphasis","56697.11111111111","3214.0"
"wavelet-LHH","glszm","LargeAreaHighGrayLevelEmphasis","374135.44444444444","21350.85714285714"
"wavelet-LHH","glszm","LargeAreaLowGrayLevelEmphasis","10082.597222222223","567.8263888888889"
"wavelet-LHH","glszm","LowGrayLevelZoneEmphasis","0.41203703703703703","0.37103174603174605"
"wavelet-LHH","glszm","SizeZoneNonUniformity","2.3333333333333335","2.7142857142857144"
"wavelet-LHH","glszm","SizeZoneNonUniformityNormalized","0.25925925925925924","0.3877551020408163"
"wavelet-LHH","glszm","SmallAreaEmphasis","0.42901321807899445","0.6071683467986057"
"wavelet-LHH","glszm","SmallAreaHighGrayLevelEmphasis","4.873462374380961","4.428733507193941"
"wavelet-LHH","glszm","SmallAreaLowGrayLevelEmphasis","0.09722238213728508","0.3127527182869664"
"wavelet-LHH","glszm","ZoneEntropy","2.7254805569978653","2.5216406363433164"
"wavelet-LHH","glszm","ZonePercentage","0.008806262230919765","0.03211009174311927"
"wavelet-LHH","glszm","ZoneVariance","43802.246913580246","2244.122448979592"
"wavelet-LHH","ngtdm","Busyness","22.969453880659124","4.360270719068816"
"wavelet-LHH","ngtdm","Coarseness","0.003956417799575796","0.021221093215737986"
"wavelet-LHH","ngtdm","Complexity","3.515291453758667","3.1325378628537632"
"wavelet-LHH","ngtdm","Contrast","0.022816108043770423","0.023295356301325315"
"wavelet-LHH","ngtdm","Strength","0.02322141887816532","0.1198717002193408"
"wavelet-HLL","firstorder","10Percentile","-17.970507261231134","-28.13182076001642"
"wavelet-HLL","firstorder","90Percentile","12.158387658790646","31.999784796163524"
"wavelet-HLL","firstorder","Energy","159545.99006928128","150599.5237939633"
"wavelet-HLL","firstorder","Entropy","1.2432181136114073","2.1320233944922458"
"wavelet-HLL","firstorder","InterquartileRange","16.992721572048403","30.223240463914145"
"wavelet-HLL","firstorder","Kurtosis","3.03463905195584","3.5709464883792084"
"wavelet-HLL","firstorder","Maximum","28.545367734797146","80.3256591257535"
"wavelet-HLL","firstorder","MeanAbsoluteDeviation","9.79097611722235","20.06233825360716"
"wavelet-HLL","firstorder","Mean","-2.476882086187081","-0.8907955752255978"
"wavelet-HLL","firstorder","Median","-1.7440329690317742","-4.1152670403028235"
"wavelet-HLL","firstorder","Minimum","-46.09481450734682","-64.61077476020166"
"wavelet-HLL","firstorder","Range","74.64018224214396","144.93643388595518"
"wavelet-HLL","firstorder","RobustMeanAbsoluteDeviation","6.878717798646509","12.816564948041398"
"wavelet-HLL","firstorder","RootMeanSquared","12.494460223287456","26.28352152284837"
"wavelet-HLL","firstorder","Skewness","-0.2975837836941844","0.4886217685829446"
"wavelet-HLL","firstorder","TotalEnergy","497546.0560704515","469646.3952321012"
"wavelet-HLL","firstorder","Uniformity","0.4601717211560924","0.28798080969615353"
"wavelet-HLL","firstorder","Variance","149.97659140243792","690.029986885192"
"wavelet-HLL","glcm","Autocorrelation","5.932977381700207","11.487029485633919"
"wavelet-HLL","glcm","ClusterProminence","1.355137752652945","36.18883773233433"
"wavelet-HLL","glcm","ClusterShade","-0.07936014604292022","4.274388879049569"
"wavelet-HLL","glcm","ClusterTendency","0.7201469545818509","2.739224931988225"
"wavelet-HLL","glcm","Contrast","0.5588537048165896","1.5926921096507267"
"wavelet-HLL","glcm","Correlation","0.12343180544931685","0.25731164327972256"
"wavelet-HLL","glcm","DifferenceAverage","0.5079796342964962","0.8378328340323743"
"wavelet-HLL","glcm","DifferenceEntropy","1.111165052807903","1.6400694555259778"
"wavelet-HLL","glcm","DifferenceVariance","0.28897154157651284","0.8451801949375302"
"wavelet-HLL","glcm","Id","0.7544215030299577","0.675717767620481"
"wavelet-HLL","glcm","Idm","0.7510975899037613","0.6513782305933216"
"wavelet-HLL","glcm","Idmn","0.9680412319967093","0.9717117024134645"
"wavelet-HLL","glcm","Idn","0.9000921393113543","0.9045644360605183"
"wavelet-HLL","glcm","Imc1","-0.04524110800166132","-0.17263787531130864"
"wavelet-HLL","glcm","Imc2","0.24483507594819479","0.6818504613439523"
"wavelet-HLL","glcm","InverseVariance","0.4641041319122122","0.43563752198878536"
"wavelet-HLL","glcm","JointAverage","2.4274521345683024","3.345859955317597"
"wavelet-HLL","glcm","JointEnergy","0.22911884474081792","0.13673808005440982"
"wavelet-HLL","glcm","JointEntropy","2.3720731591832878","3.646309216245995"
"wavelet-HLL","glcm","MCC","0.19868679665051805","0.5894297075394233"
"wavelet-HLL","glcm","MaximumProbability","0.2891641815810436","0.29613811775394544"
"wavelet-HLL","glcm","SumAverage","4.854904269136605","6.691719910635195"
"wavelet-HLL","glcm","SumEntropy","1.756487136693517","2.505032794940175"
"wavelet-HLL","glcm","SumSquares","0.3197501648496101","1.082979260409738"
"wavelet-HLL","gldm","DependenceEntropy","5.147516494147131","5.360049366207194"
"wavelet-HLL","gldm","DependenceNonUniformity","65.52837573385519","16.3302752293578"
"wavelet-HLL","gldm","DependenceNonUniformityNormalized","0.06411778447539647","0.07490951940072385"
"wavelet-HLL","gldm","DependenceVariance","19.000145526403465","22.780237353758103"
"wavelet-HLL","gldm","GrayLevelNonUniformity","470.29549902152644","62.77981651376147"
"wavelet-HLL","gldm","GrayLevelVariance","0.33333588642813106","1.2673175658614597"
"wavelet-HLL","gldm","HighGrayLevelEmphasis","6.12720156555773","13.293577981651376"
"wavelet-HLL","gldm","LargeDependenceEmphasis","136.0293542074364","76.91743119266054"
"wavelet-HLL","gldm","LargeDependenceHighGrayLevelEmphasis","838.7318982387476","797.3302752293578"
"wavelet-HLL","gldm","LargeDependenceLowGrayLevelEmphasis","26.047754946727547","8.261020330150409"
"wavelet-HLL","gldm","LowGrayLevelEmphasis","0.21851217656012178","0.13325170588112922"
"wavelet-HLL","gldm","SmallDependenceEmphasis","0.029825561820551995","0.10002896352997645"
"wavelet-HLL","gldm","SmallDependenceHighGrayLevelEmphasis","0.19154876012739935","1.4455242898618914"
"wavelet-HLL","gldm","SmallDependenceLowGrayLevelEmphasis","0.012028282819570878","0.0246461129312218"
"wavelet-HLL","glrlm","GrayLevelNonUniformity","278.99211146927144","41.204761833384254"
"wavelet-HLL","glrlm","GrayLevelNonUniformityNormalized","0.43803391056506846","0.24883334771992427"
"wavelet-HLL","glrlm","GrayLevelVariance","0.37897793112151146","1.5041563222850425"
"wavelet-HLL","glrlm","HighGrayLevelRunEmphasis","6.10930525372248","13.972247378179548"
"wavelet-HLL","glrlm","LongRunEmphasis","4.0135575004144135","2.5931991211105654"
"wavelet-HLL","glrlm","LongRunHighGrayLevelEmphasis","24.67578635586682","32.00832930804192"
"wavelet-HLL","glrlm","LongRunLowGrayLevelEmphasis","0.8207977825237095","0.31705708773323954"
"wavelet-HLL","glrlm","LowGrayLevelRunEmphasis","0.23319431840095323","0.14154169362315555"
"wavelet-HLL","glrlm","RunEntropy","2.809262633635481","3.155615789279899"
"wavelet-HLL","glrlm","RunLengthNonUniformity","292.3029176152835","104.32968251588797"
"wavelet-HLL","glrlm","RunLengthNonUniformityNormalized","0.4437952803245734","0.6166004513256708"
"wavelet-HLL","glrlm","RunPercentage","0.6223844648502184","0.7554693013408609"
"wavelet-HLL","glrlm","RunVariance","1.055207273504407","0.6272479143026145"
"wavelet-HLL","glrlm","ShortRunEmphasis","0.6700033972798762","0.8051445252569525"
"wavelet-HLL","glrlm","ShortRunHighGrayLevelEmphasis","4.088867353302927","11.685644735752657"
"wavelet-HLL","glrlm","ShortRunLowGrayLevelEmphasis","0.1673847284556276","0.12028676122887613"
"wavelet-HLL","glszm","GrayLevelNonUniformity","9.64","5.222222222222222"
"wavelet-HLL","glszm","GrayLevelNonUniformityNormalized","0.3856","0.1934156378600823"
"wavelet-HLL","glszm","GrayLevelVariance","1.52","3.212620027434842"
"wavelet-HLL","glszm","HighGrayLevelZoneEmphasis","5.52","15.592592592592593"
"wavelet-HLL","glszm","LargeAreaEmphasis","18773.52","390.14814814814815"
"wavelet-HLL","glszm","LargeAreaHighGrayLevelEmphasis","112932.48","4047.3333333333335"
"wavelet-HLL","glszm","LargeAreaLowGrayLevelEmphasis","3647.6133333333332","41.31371273200639"
"wavelet-HLL","glszm","LowGrayLevelZoneEmphasis","0.6102777777777778","0.24259742168472323"
"wavelet-HLL","glszm","SizeZoneNonUniformity","6.36","5.37037037037037"
"wavelet-HLL","glszm","SizeZoneNonUniformityNormalized","0.2544","0.19890260631001372"
"wavelet-HLL","glszm","SmallAreaEmphasis","0.48352535432687","0.42753260988801745"
"wavelet-HLL","glszm","SmallAreaHighGrayLevelEmphasis","3.798527474250273","5.584698998808597"
"wavelet-HLL","glszm","SmallAreaLowGrayLevelEmphasis","0.22248339255552882","0.13349311835101765"
"wavelet-HLL","glszm","ZoneEntropy","3.3532696895151046","4.16229490957087"
"wavelet-HLL","glszm","ZonePercentage","0.02446183953033268","0.12385321100917432"
"wavelet-HLL","glszm","ZoneVariance","17102.3456","324.957475994513"
"wavelet-HLL","ngtdm","Busyness","20.87303962920247","1.118025957320347"
"wavelet-HLL","ngtdm","Coarseness","0.004943727980284012","0.036651603069427954"
"wavelet-HLL","ngtdm","Complexity","3.035238306061531","12.103388982806516"
"wavelet-HLL","ngtdm","Contrast","0.025912473774865222","0.03997601716870169"
"wavelet-HLL","ngtdm","Strength","0.026717615408666972","0.5381050348751582"
"wavelet-HLH","firstorder","10Percentile","-10.91974102874519","-13.863947248507179"
"wavelet-HLH","firstorder","90Percentile","11.25719598995338","14.969854352502043"
"wavelet-HLH","firstorder","Energy","79545.39036547788","32013.162063907104"
"wavelet-HLH","firstorder","Entropy","1.0567312444452914","1.260856319421101"
"wavelet-HLH","firstorder","InterquartileRange","11.748652665693468","15.147072610904681"
"wavelet-HLH","firstorder","Kurtosis","3.1027133598494117","3.733321182506796"
"wavelet-HLH","firstorder","Maximum","28.118072382871972","44.26681124896004"
"wavelet-HLH","firstorder","MeanAbsoluteDeviation","6.988925158149281","9.425699021331742"
"wavelet-HLH","firstorder","Mean","-0.13057272660270164","1.2682332271063799"
"wavelet-HLH","firstorder","Median","-0.6674032326595083","2.009935162426424"
"wavelet-HLH","firstorder","Minimum","-30.83872268825806","-35.84173910444824"
"wavelet-HLH","firstorder","Range","58.95679507113003","80.10855035340828"
"wavelet-HLH","firstorder","RobustMeanAbsoluteDeviation","4.833466755500299","6.512387142591366"
"wavelet-HLH","firstorder","RootMeanSquared","8.822304856437441","12.118142071523543"
"wavelet-HLH","firstorder","Skewness","0.10716784395663861","0.25886855170727147"
"wavelet-HLH","firstorder","TotalEnergy","248063.24018386094","99833.42433316304"
"wavelet-HLH","firstorder","Uniformity","0.4947533901907544","0.457916000336672"
"wavelet-HLH","firstorder","Variance","77.81601374298718","145.24095174729229"
"wavelet-HLH","glcm","Autocorrelation","6.074805400823278","6.737127729135514"
"wavelet-HLH","glcm","ClusterProminence","0.60871563995887","1.28582401346606"
"wavelet-HLH","glcm","ClusterShade","0.03328664489459874","-0.0331793434169295"
"wavelet-HLH","glcm","ClusterTendency","0.5221869306734832","0.6762463588759728"
"wavelet-HLH","glcm","Contrast","0.5360167482609676","0.6002961412655202"
"wavelet-HLH","glcm","Correlation","-0.01291807243385955","0.05602241520751447"
"wavelet-HLH","glcm","DifferenceAverage","0.5184401541401364","0.543100763971771"
"wavelet-HLH","glcm","DifferenceEntropy","1.0324252910885667","1.1289635803917766"
"wavelet-HLH","glcm","DifferenceVariance","0.2561741032921993","0.2981889012980199"
"wavelet-HLH","glcm","Id","0.7437093552834037","0.7379821808964061"
"wavelet-HLH","glcm","Idm","0.742537582342015","0.7341691557434895"
"wavelet-HLH","glcm","Idmn","0.9687797782338402","0.9656977924660357"
"wavelet-HLH","glcm","Idn","0.8968978556426672","0.8932863597821041"
"wavelet-HLH","glcm","Imc1","-0.0356531620547998","-0.04187901775523939"
"wavelet-HLH","glcm","Imc2","0.2243210352169967","0.2623883055236775"
"wavelet-HLH","glcm","InverseVariance","0.5030606342844093","0.4930548088397405"
"wavelet-HLH","glcm","JointAverage","2.4654122590790584","2.5918473417350816"
"wavelet-HLH","glcm","JointEnergy","0.2544399212609662","0.22739021987370123"
"wavelet-HLH","glcm","JointEntropy","2.08823637442905","2.374762918198136"
"wavelet-HLH","glcm","MCC","0.1844817164082389","0.2017966297082338"
"wavelet-HLH","glcm","MaximumProbability","0.3045940466287911","0.3029033101320582"
"wavelet-HLH","glcm","SumAverage","4.930824518158117","5.183694683470163"
"wavelet-HLH","glcm","SumEntropy","1.5194403222767587","1.7220975381494776"
"wavelet-HLH","glcm","SumSquares","0.26455091973361267","0.3191356250353733"
"wavelet-HLH","gldm","DependenceEntropy","4.758310803043868","4.636095315375118"
"wavelet-HLH","gldm","DependenceNonUniformity","82.59882583170254","17.293577981651374"
"wavelet-HLH","gldm","DependenceNonUniformityNormalized","0.08082076891556023","0.07932833936537328"
"wavelet-HLH","gldm","DependenceVariance","12.186093803255963","12.392812052857504"
"wavelet-HLH","gldm","GrayLevelNonUniformity","505.63796477495106","99.8256880733945"
"wavelet-HLH","gldm","GrayLevelVariance","0.2628369606427672","0.33871307129029543"
"wavelet-HLH","gldm","HighGrayLevelEmphasis","6.3669275929549904","6.86697247706422"
"wavelet-HLH","gldm","LargeDependenceEmphasis","117.78082191780823","82.70642201834862"
"wavelet-HLH","gldm","LargeDependenceHighGrayLevelEmphasis","710.018590998043","603.6192660550458"
"wavelet-HLH","gldm","LargeDependenceLowGrayLevelEmphasis","22.816176070884975","13.167717889908259"
"wavelet-HLH","gldm","LowGrayLevelEmphasis","0.18728935638182215","0.18421890927624873"
"wavelet-HLH","gldm","SmallDependenceEmphasis","0.021046944127506694","0.04418699951289588"
"wavelet-HLH","gldm","SmallDependenceHighGrayLevelEmphasis","0.15352232898417853","0.3818931371476769"
"wavelet-HLH","gldm","SmallDependenceLowGrayLevelEmphasis","0.005394647734731015","0.008889515722224772"
"wavelet-HLH","glrlm","GrayLevelNonUniformity","321.9150873959806","69.0951032586722"
"wavelet-HLH","glrlm","GrayLevelNonUniformityNormalized","0.4893729430936489","0.4418050058987729"
"wavelet-HLH","glrlm","GrayLevelVariance","0.27162549888636944","0.37401790214936664"
"wavelet-HLH","glrlm","HighGrayLevelRunEmphasis","6.4810000329054605","6.800035821165219"
"wavelet-HLH","glrlm","LongRunEmphasis","3.667764875135175","2.8687513472561283"
"wavelet-HLH","glrlm","LongRunHighGrayLevelEmphasis","22.826697190233258","19.872252525154394"
"wavelet-HLH","glrlm","LongRunLowGrayLevelEmphasis","0.6956088858825874","0.5085765016531691"
"wavelet-HLH","glrlm","LowGrayLevelRunEmphasis","0.18584664834332976","0.19092236216895456"
"wavelet-HLH","glrlm","RunEntropy","2.5192862629496884","2.4285625678761305"
"wavelet-HLH","glrlm","RunLengthNonUniformity","315.008171457205","89.60468879581579"
"wavelet-HLH","glrlm","RunLengthNonUniformityNormalized","0.46416933987797815","0.5493910069149472"
"wavelet-HLH","glrlm","RunPercentage","0.6432334788499172","0.7159491884262525"
"wavelet-HLH","glrlm","RunVariance","0.8822650007181707","0.5850570446345242"
"wavelet-HLH","glrlm","ShortRunEmphasis","0.6863648959202996","0.7456183378346533"
"wavelet-HLH","glrlm","ShortRunHighGrayLevelEmphasis","4.518435306404983","5.013645113327148"
"wavelet-HLH","glrlm","ShortRunLowGrayLevelEmphasis","0.12699275363411916","0.14786074171870806"
"wavelet-HLH","glszm","GrayLevelNonUniformity","2.5555555555555554","3.0"
"wavelet-HLH","glszm","GrayLevelNonUniformityNormalized","0.2839506172839506","0.3333333333333333"
"wavelet-HLH","glszm","GrayLevelVariance","1.580246913580247","0.9876543209876543"
"wavelet-HLH","glszm","HighGrayLevelZoneEmphasis","7.555555555555555","10.666666666666666"
"wavelet-HLH","glszm","LargeAreaEmphasis","57178.88888888889","2342.222222222222"
"wavelet-HLH","glszm","LargeAreaHighGrayLevelEmphasis","356184.77777777775","15746.555555555555"
"wavelet-HLH","glszm","LargeAreaLowGrayLevelEmphasis","10754.403549382716","409.275462962963"
"wavelet-HLH","glszm","LowGrayLevelZoneEmphasis","0.4220679012345679","0.2037037037037037"
"wavelet-HLH","glszm","SizeZoneNonUniformity","3.4444444444444446","2.5555555555555554"
"wavelet-HLH","glszm","SizeZoneNonUniformityNormalized","0.38271604938271603","0.2839506172839506"
"wavelet-HLH","glszm","SmallAreaEmphasis","0.6111119850301477","0.34570028647398937"
"wavelet-HLH","glszm","SmallAreaHighGrayLevelEmphasis","5.694450361464446","4.373590411010491"
"wavelet-HLH","glszm","SmallAreaLowGrayLevelEmphasis","0.27777792899798537","0.039934526188361116"
"wavelet-HLH","glszm","ZoneEntropy","2.419381945646369","2.641604167868591"
"wavelet-HLH","glszm","ZonePercentage","0.008806262230919765","0.04128440366972477"
"wavelet-HLH","glszm","ZoneVariance","44284.02469135802","1755.5061728395058"
"wavelet-HLH","ngtdm","Busyness","24.0074657433256","4.310275326046409"
"wavelet-HLH","ngtdm","Coarseness","0.003971831586379896","0.022009058102106672"
"wavelet-HLH","ngtdm","Complexity","3.4857292135221574","3.15384707870819"
"wavelet-HLH","ngtdm","Contrast","0.022200077047611563","0.027944966421181567"
"wavelet-HLH","ngtdm","Strength","0.02338079173939352","0.11800042973672158"
"wavelet-HHL","firstorder","10Percentile","-6.768276816259032","-8.738368422301702"
"wavelet-HHL","firstorder","90Percentile","6.376268568276442","7.820592238641929"
"wavelet-HHL","firstorder","Energy","25928.070232109734","10015.10346127411"
"wavelet-HHL","firstorder","Entropy","0.9992014893289181","0.9994535015927477"
"wavelet-HHL","firstorder","InterquartileRange","6.719466619369859","8.271516801497288"
"wavelet-HHL","firstorder","Kurtosis","2.881041920504955","3.7939263395716503"
"wavelet-HHL","firstorder","Maximum","16.37841709659649","21.98248546492508"
"wavelet-HHL","firstorder","MeanAbsoluteDeviation","4.014747957445519","5.145652972060423"
"wavelet-HHL","firstorder","Mean","-0.027375582503980905","-0.077780175330797"
"wavelet-HHL","firstorder","Median","0.14628736552798555","-0.24180489479255057"
"wavelet-HHL","firstorder","Minimum","-15.4552004259274","-22.392737815783768"
"wavelet-HHL","firstorder","Range","31.833617522523888","44.37522328070885"
"wavelet-HHL","firstorder","RobustMeanAbsoluteDeviation","2.7944077713999547","3.3398480874952354"
"wavelet-HHL","firstorder","RootMeanSquared","5.036857327139867","6.7779673623791945"
"wavelet-HHL","firstorder","Skewness","-0.013343800037955074","0.1888582328241986"
"wavelet-HHL","firstorder","TotalEnergy","80856.99352206846","31232.21853542451"
"wavelet-HHL","firstorder","Uniformity","0.5005533832973985","0.50037875599697"
"wavelet-HHL","firstorder","Variance","25.369182311445126","45.93479180980309"
"wavelet-HHL","glcm","Autocorrelation","2.2909917908922077","2.243694189126274"
"wavelet-HHL","glcm","ClusterProminence","0.49525725939876153","0.4985781377845608"
"wavelet-HHL","glcm","ClusterShade","-0.013862077759777354","0.0022880866297631574"
"wavelet-HHL","glcm","ClusterTendency","0.49528830201660157","0.49872353600515734"
"wavelet-HHL","glcm","Contrast","0.5038617382558604","0.5008889538278006"
"wavelet-HHL","glcm","Correlation","-0.008583798921869003","-0.002213939503786534"
"wavelet-HHL","glcm","DifferenceAverage","0.5038617382558604","0.5008889538278006"
"wavelet-HHL","glcm","DifferenceEntropy","0.9879446691455553","0.9774730378546335"
"wavelet-HHL","glcm","DifferenceVariance","0.24590033095547983","0.24227551386527374"
"wavelet-HHL","glcm","Id","0.7480691308720697","0.7495555230860997"
"wavelet-HHL","glcm","Idm","0.7480691308720697","0.7495555230860997"
"wavelet-HHL","glcm","Idmn","0.8992276523488278","0.8998222092344399"
"wavelet-HHL","glcm","Idn","0.8320460872480465","0.8330370153907332"
"wavelet-HHL","glcm","Imc1","-0.012095876857665309","-0.022619384283235972"
"wavelet-HHL","glcm","Imc2","0.10694652691466468","0.18702495832835228"
"wavelet-HHL","glcm","InverseVariance","0.5038617382558604","0.5008889538278006"
"wavelet-HHL","glcm","JointAverage","1.5143075533400463","1.498046222013391"
"wavelet-HHL","glcm","JointEnergy","0.254524648908289","0.2579182412182473"
"wavelet-HHL","glcm","JointEntropy","1.986685706899054","1.9768269197619281"
"wavelet-HHL","glcm","MCC","0.09036804428307366","0.15767790471249438"
"wavelet-HHL","glcm","MaximumProbability","0.2777281625086497","0.29053997952025257"
"wavelet-HHL","glcm","SumAverage","3.0286151066800926","2.996092444026782"
"wavelet-HHL","glcm","SumEntropy","1.482823968643194","1.4759379659341276"
"wavelet-HHL","glcm","SumSquares","0.24978751006811556","0.24990312245823945"
"wavelet-HHL","gldm","DependenceEntropy","4.749404475595297","4.600572328954185"
"wavelet-HHL","gldm","DependenceNonUniformity","83.22700587084148","19.504587155963304"
"wavelet-HHL","gldm","DependenceNonUniformityNormalized","0.08143542648810322","0.08947058328423534"
"wavelet-HHL","gldm","DependenceVariance","11.396019469900928","10.473444996212441"
"wavelet-HHL","gldm","GrayLevelNonUniformity","511.5655577299413","109.08256880733946"
"wavelet-HHL","gldm","GrayLevelVariance","0.24972330835130074","0.24981062200151505"
"wavelet-HHL","gldm","HighGrayLevelEmphasis","2.5499021526418786","2.458715596330275"
"wavelet-HHL","gldm","LargeDependenceEmphasis","117.91780821917808","79.25688073394495"
"wavelet-HHL","gldm","LargeDependenceHighGrayLevelEmphasis","307.5812133072407","199.88990825688074"
"wavelet-HHL","gldm","LargeDependenceLowGrayLevelEmphasis","70.50195694716243","49.09862385321101"
"wavelet-HHL","gldm","LowGrayLevelEmphasis","0.6125244618395304","0.6353211009174312"
"wavelet-HHL","gldm","SmallDependenceEmphasis","0.01562947182902424","0.03143453406124354"
"wavelet-HHL","gldm","SmallDependenceHighGrayLevelEmphasis","0.037729099369051326","0.07401263619915913"
"wavelet-HHL","gldm","SmallDependenceLowGrayLevelEmphasis","0.010104564944017475","0.020790008526764648"
"wavelet-HHL","glrlm","GrayLevelNonUniformity","327.9540400867244","78.52034396484964"
"wavelet-HHL","glrlm","GrayLevelNonUniformityNormalized","0.5002174553249159","0.5005944351531383"
"wavelet-HHL","glrlm","GrayLevelVariance","0.24989127233754202","0.24970278242343086"
"wavelet-HHL","glrlm","HighGrayLevelRunEmphasis","2.5277476391878175","2.453515368405805"
"wavelet-HHL","glrlm","LongRunEmphasis","3.2989636033260963","2.5057985002620997"
"wavelet-HHL","glrlm","LongRunHighGrayLevelEmphasis","8.472118817566223","6.2105023297544895"
"wavelet-HHL","glrlm","LongRunLowGrayLevelEmphasis","2.0056747997660653","1.5796225428890027"
"wavelet-HHL","glrlm","LowGrayLevelRunEmphasis","0.6180630902030456","0.6366211578985488"
"wavelet-HHL","glrlm","RunEntropy","2.4382042914650413","2.136733350624666"
"wavelet-HHL","glrlm","RunLengthNonUniformity","310.2003826139839","87.46928394916355"
"wavelet-HHL","glrlm","RunLengthNonUniformityNormalized","0.4678469674154868","0.5454279180493311"
"wavelet-HHL","glrlm","RunPercentage","0.6415023332831551","0.7194777699364855"
"wavelet-HHL","glrlm","RunVariance","0.803883862385316","0.46987688562526103"
"wavelet-HHL","glrlm","ShortRunEmphasis","0.6942784684075565","0.7503587877877996"
"wavelet-HHL","glrlm","ShortRunHighGrayLevelEmphasis","1.7343732064757265","1.8445928906740456"
"wavelet-HHL","glrlm","ShortRunLowGrayLevelEmphasis","0.4342547838905141","0.47680026206623816"
"wavelet-HHL","glszm","GrayLevelNonUniformity","1.0","1.6666666666666667"
"wavelet-HHL","glszm","GrayLevelNonUniformityNormalized","0.5","0.5555555555555556"
"wavelet-HHL","glszm","GrayLevelVariance","0.25","0.2222222222222222"
"wavelet-HHL","glszm","HighGrayLevelZoneEmphasis","2.5","2.0"
"wavelet-HHL","glszm","LargeAreaEmphasis","261410.0","7852.666666666667"
"wavelet-HHL","glszm","LargeAreaHighGrayLevelEmphasis","679586.0","19088.666666666668"
"wavelet-HHL","glszm","LargeAreaLowGrayLevelEmphasis","156866.0","5043.666666666667"
"wavelet-HHL","glszm","LowGrayLevelZoneEmphasis","0.625","0.75"
"wavelet-HHL","glszm","SizeZoneNonUniformity","1.0","1.0"
"wavelet-HHL","glszm","SizeZoneNonUniformityNormalized","0.5","0.3333333333333333"
"wavelet-HHL","glszm","SmallAreaEmphasis","3.842381248346129e-06","0.3333900539624419"
"wavelet-HHL","glszm","SmallAreaHighGrayLevelEmphasis","9.222890890219407e-06","0.33347905360644337"
"wavelet-HHL","glszm","SmallAreaLowGrayLevelEmphasis","2.497253837877809e-06","0.33336780405144156"
"wavelet-HHL","glszm","ZoneEntropy","0.9999999999999993","1.5849625007211552"
"wavelet-HHL","glszm","ZonePercentage","0.0019569471624266144","0.013761467889908258"
"wavelet-HHL","glszm","ZoneVariance","289.0","2572.222222222222"
"wavelet-HHL","ngtdm","Busyness","235.27218428380732","61.177979972006725"
"wavelet-HHL","ngtdm","Coarseness","0.0038646840968770044","0.01781686810350313"
"wavelet-HHL","ngtdm","Complexity","0.5063666559468587","0.5149228177090037"
"wavelet-HHL","ngtdm","Contrast","0.1264576151801481","0.1286029957638242"
"wavelet-HHL","ngtdm","Strength","0.0038644989388237493","0.017821051175434047"
"wavelet-HHH","firstorder","10Percentile","-4.711918507340203","-6.852810886090136"
"wavelet-HHH","firstorder","90Percentile","4.864146562715354","6.552409494481615"
"wavelet-HHH","firstorder","Energy","14878.363042992194","5242.215597708946"
"wavelet-HHH","firstorder","Entropy","0.9996657113284981","0.9990283518050951"
"wavelet-HHH","firstorder","InterquartileRange","4.988044819997091","5.592801997343227"
"wavelet-HHH","firstorder","Kurtosis","3.414371939766008","3.0383331732263623"
"wavelet-HHH","firstorder","Maximum","13.990779051233936","12.489954207925717"
"wavelet-HHH","firstorder","MeanAbsoluteDeviation","3.004544490431851","3.836794185726432"
"wavelet-HHH","firstorder","Mean","0.012628830553565716","-0.13326094988793727"
"wavelet-HHH","firstorder","Median","0.11047324314790667","-0.1730992954852223"
"wavelet-HHH","firstorder","Minimum","-15.562550337969027","-13.939031805207216"
"wavelet-HHH","firstorder","Range","29.553329389202965","26.428986013132935"
"wavelet-HHH","firstorder","RobustMeanAbsoluteDeviation","2.0667831760593387","2.5621417348387716"
"wavelet-HHH","firstorder","RootMeanSquared","3.8155058864151017","4.903759837099416"
"wavelet-HHH","firstorder","Skewness","-0.02107650967462414","-0.07511610221356577"
"wavelet-HHH","firstorder","TotalEnergy","46398.35103101363","16347.911311205544"
"wavelet-HHH","firstorder","Uniformity","0.5002316933528901","0.5006733439946133"
"wavelet-HHH","firstorder","Variance","14.557925681907143","24.02910205918426"
"wavelet-HHH","glcm","Autocorrelation","2.267472924919253","2.2024721592552394"
"wavelet-HHH","glcm","ClusterProminence","0.4857481850486653","0.4897188270587195"
"wavelet-HHH","glcm","ClusterShade","-0.007104593049429741","0.01401743034693702"
"wavelet-HHH","glcm","ClusterTendency","0.4857952660114818","0.4897194771306108"
"wavelet-HHH","glcm","Contrast","0.5139209810629022","0.5086277723542127"
"wavelet-HHH","glcm","Correlation","-0.028141416074464402","-0.018908281935386365"
"wavelet-HHH","glcm","DifferenceAverage","0.5139209810629022","0.5086277723542127"
"wavelet-HHH","glcm","DifferenceEntropy","0.9884268000493155","0.9823249665244348"
"wavelet-HHH","glcm","DifferenceVariance","0.2460294567769935","0.24394717767247337"
"wavelet-HHH","glcm","Id","0.7430395094685489","0.7456861138228936"
"wavelet-HHH","glcm","Idm","0.7430395094685489","0.7456861138228936"
"wavelet-HHH","glcm","Idmn","0.8972158037874196","0.8982744455291575"
"wavelet-HHH","glcm","Idn","0.8286930063123659","0.8304574092152623"
"wavelet-HHH","glcm","Imc1","-0.011609533112173784","-0.017719299143737197"
"wavelet-HHH","glcm","Imc2","0.11403361662731637","0.1505093135576031"
"wavelet-HHH","glcm","InverseVariance","0.5139209810629022","0.5086277723542127"
"wavelet-HHH","glcm","JointAverage","1.5081444718169013","1.4855953484774485"
"wavelet-HHH","glcm","JointEnergy","0.2541124196858145","0.25687919758511485"
"wavelet-HHH","glcm","JointEntropy","1.987984090663351","1.9799068373068553"
"wavelet-HHH","glcm","MCC","0.09590870366814865","0.12694326499037614"
"wavelet-HHH","glcm","MaximumProbability","0.2779708374088012","0.29065820514738283"
"wavelet-HHH","glcm","SumAverage","3.0162889436338025","2.971190696954897"
"wavelet-HHH","glcm","SumEntropy","1.4740631096004486","1.4712790649526428"
"wavelet-HHH","glcm","SumSquares","0.24992906176859603","0.24958681237120592"
"wavelet-HHH","gldm","DependenceEntropy","4.664610749484658","4.395800130070292"
"wavelet-HHH","gldm","DependenceNonUniformity","88.92759295499022","23.08256880733945"
"wavelet-HHH","gldm","DependenceNonUniformityNormalized","0.08701330034734854","0.10588334315293325"
"wavelet-HHH","gldm","DependenceVariance","10.129713810838654","7.4294251325645995"
"wavelet-HHH","gldm","GrayLevelNonUniformity","511.23679060665364","109.14678899082568"
"wavelet-HHH","gldm","GrayLevelVariance","0.24988415332355496","0.24966332800269336"
"wavelet-HHH","gldm","HighGrayLevelEmphasis","2.532289628180039","2.444954128440367"
"wavelet-HHH","gldm","LargeDependenceEmphasis","113.04696673189824","75.60550458715596"
"wavelet-HHH","gldm","LargeDependenceHighGrayLevelEmphasis","288.7847358121331","180.37155963302752"
"wavelet-HHH","gldm","LargeDependenceLowGrayLevelEmphasis","69.11252446183953","49.413990825688074"
"wavelet-HHH","gldm","LowGrayLevelEmphasis","0.6169275929549902","0.6387614678899083"
"wavelet-HHH","gldm","SmallDependenceEmphasis","0.017462694136066038","0.02818387891830719"
"wavelet-HHH","gldm","SmallDependenceHighGrayLevelEmphasis","0.04394082858241997","0.07941191063741321"
"wavelet-HHH","gldm","SmallDependenceLowGrayLevelEmphasis","0.010843160524477553","0.015376870988530687"
"wavelet-HHH","glrlm","GrayLevelNonUniformity","331.3527520686236","78.66801150396473"
"wavelet-HHH","glrlm","GrayLevelNonUniformityNormalized","0.5001238089838829","0.5005680017060891"
"wavelet-HHH","glrlm","GrayLevelVariance","0.24993809550805868","0.24971599914695547"
"wavelet-HHH","glrlm","HighGrayLevelRunEmphasis","2.5214703925159934","2.4588944260086696"
"wavelet-HHH","glrlm","LongRunEmphasis","3.2044852927487644","2.572551066736137"
"wavelet-HHH","glrlm","LongRunHighGrayLevelEmphasis","8.191204574513687","6.243349490120772"
"wavelet-HHH","glrlm","LongRunLowGrayLevelEmphasis","1.9578054723075342","1.6548514608899783"
"wavelet-HHH","glrlm","LowGrayLevelRunEmphasis","0.6196324018710017","0.6352763934978326"
"wavelet-HHH","glrlm","RunEntropy","2.4183007771584157","2.117160335611847"
"wavelet-HHH","glrlm","RunLengthNonUniformity","317.54256758518926","89.08801864451061"
"wavelet-HHH","glrlm","RunLengthNonUniformityNormalized","0.47365978142700826","0.5521335657011737"
"wavelet-HHH","glrlm","RunPercentage","0.6482763811530935","0.7208892025405788"
"wavelet-HHH","glrlm","RunVariance","0.7569004992009577","0.4817940932383356"
"wavelet-HHH","glrlm","ShortRunEmphasis","0.7004694787644771","0.7504165440312115"
"wavelet-HHH","glrlm","ShortRunHighGrayLevelEmphasis","1.765074055988205","1.855011882154171"
"wavelet-HHH","glrlm","ShortRunLowGrayLevelEmphasis","0.43431833445854495","0.47426770950047165"
"wavelet-HHH","glszm","GrayLevelNonUniformity","2.6","2.5"
"wavelet-HHH","glszm","GrayLevelNonUniformityNormalized","0.52","0.625"
"wavelet-HHH","glszm","GrayLevelVariance","0.24","0.1875"
"wavelet-HHH","glszm","HighGrayLevelZoneEmphasis","2.8","3.25"
"wavelet-HHH","glszm","LargeAreaEmphasis","103673.6","5745.0"
"wavelet-HHH","glszm","LargeAreaHighGrayLevelEmphasis","265293.2","13403.25"
"wavelet-HHH","glszm","LargeAreaLowGrayLevelEmphasis","63268.7","3830.4375"
"wavelet-HHH","glszm","LowGrayLevelZoneEmphasis","0.55","0.4375"
"wavelet-HHH","glszm","SizeZoneNonUniformity","1.4","1.0"
"wavelet-HHH","glszm","SizeZoneNonUniformityNormalized","0.28","0.25"
"wavelet-HHH","glszm","SmallAreaEmphasis","0.4500015457076116","0.2778218638460973"
"wavelet-HHH","glszm","SmallAreaHighGrayLevelEmphasis","1.2000037732015696","1.1112287193831363"
"wavelet-HHH","glszm","SmallAreaLowGrayLevelEmphasis","0.26250098883412215","0.06947014996183758"
"wavelet-HHH","glszm","ZoneEntropy","2.321928094887361","1.9999999999999987"
"wavelet-HHH","glszm","ZonePercentage","0.004892367906066536","0.01834862385321101"
"wavelet-HHH","glszm","ZoneVariance","61894.240000000005","2774.75"
"wavelet-HHH","ngtdm","Busyness","247.97156941911055","62.68687362736181"
"wavelet-HHH","ngtdm","Coarseness","0.00378808843890684","0.017925783743595464"
"wavelet-HHH","ngtdm","Complexity","0.5166054578681767","0.5117941875140221"
"wavelet-HHH","ngtdm","Contrast","0.12907806046905745","0.12778931734355958"
"wavelet-HHH","ngtdm","Strength","0.003788483364290505","0.017923949320217333"
"wavelet-LLL","firstorder","10Percentile","5.849973203338288","-330.23437378967213"
"wavelet-LLL","firstorder","90Percentile","113.60491143354702","77.30377144083008"
"wavelet-LLL","firstorder","Energy","7073035.977245024","7344125.526076687"
"wavelet-LLL","firstorder","Entropy","2.625653303678364","4.394435392101549"
"wavelet-LLL","firstorder","InterquartileRange","45.44048639572602","238.95723719946614"
"wavelet-LLL","firstorder","Kurtosis","5.808538088376906","2.0306021249065394"
"wavelet-LLL","firstorder","Maximum","149.98654816006942","136.72285302420073"
"wavelet-LLL","firstorder","MeanAbsoluteDeviation","32.961466959786236","125.31806527323644"
"wavelet-LLL","firstorder","Mean","70.18963828475465","-110.3608565545544"
"wavelet-LLL","firstorder","Median","81.52265352190071","-94.52987742701976"
"wavelet-LLL","firstorder","Minimum","-138.1815454346267","-433.3767666703718"
"wavelet-LLL","firstorder","Range","288.16809359469613","570.0996196945725"
"wavelet-LLL","firstorder","RobustMeanAbsoluteDeviation","20.391754918445866","96.78243815058468"
"wavelet-LLL","firstorder","RootMeanSquared","83.19121854321827","183.5446790353418"
"wavelet-LLL","firstorder","Skewness","-1.5442871290669322","-0.2660462770300483"
"wavelet-LLL","firstorder","TotalEnergy","22057346.30744723","22902742.270106908"
"wavelet-LLL","firstorder","Uniformity","0.20847997671577542","0.05117414359060686"
"wavelet-LLL","firstorder","Variance","1994.193520160807","21509.130542731695"
"wavelet-LLL","glcm","Autocorrelation","91.29780037917863","257.7438964918369"
"wavelet-LLL","glcm","ClusterProminence","400.25559038188993","25549.107232948143"
"wavelet-LLL","glcm","ClusterShade","-35.007807775871335","-610.9825555685954"
"wavelet-LLL","glcm","ClusterTendency","8.050371659778488","96.92684391206602"
"wavelet-LLL","glcm","Contrast","2.77721073172741","24.988434879455685"
"wavelet-LLL","glcm","Correlation","0.4773153679867521","0.5793790773406562"
"wavelet-LLL","glcm","DifferenceAverage","1.133633582164975","4.012248956488422"
"wavelet-LLL","glcm","DifferenceEntropy","1.9793104421386252","3.1588814245564434"
"wavelet-LLL","glcm","DifferenceVariance","1.4238804766022453","7.069109211225822"
"wavelet-LLL","glcm","Id","0.6116527711088626","0.30921493136192046"
"wavelet-LLL","glcm","Idm","0.5755092245645824","0.21418547492948956"
"wavelet-LLL","glcm","Idmn","0.9823704137382463","0.9610274467721058"
"wavelet-LLL","glcm","Idn","0.9207412288792066","0.8659402591492942"
"wavelet-LLL","glcm","Imc1","-0.12556145457785867","-0.38496405641006665"
"wavelet-LLL","glcm","Imc2","0.6292298646683553","0.9795589122307506"
"wavelet-LLL","glcm","InverseVariance","0.4444160559576035","0.217951735677202"
"wavelet-LLL","glcm","JointAverage","9.485632224359744","15.473627170597345"
"wavelet-LLL","glcm","JointEnergy","0.06642377601796724","0.010478764948890358"
"wavelet-LLL","glcm","JointEntropy","4.653799658424","6.866873707905185"
"wavelet-LLL","glcm","MCC","0.5286463904681405","0.8765125530422995"
"wavelet-LLL","glcm","MaximumProbability","0.14895521664838096","0.028947519106737783"
"wavelet-LLL","glcm","SumAverage","18.971264448719484","30.947254341194693"
"wavelet-LLL","glcm","SumEntropy","3.2599291928897154","4.860513924261624"
"wavelet-LLL","glcm","SumSquares","2.706895597876474","30.478819697880436"
"wavelet-LLL","gldm","DependenceEntropy","6.120463621894426","6.045479827486253"
"wavelet-LLL","gldm","DependenceNonUniformity","69.57534246575342","55.03669724770642"
"wavelet-LLL","gldm","DependenceNonUniformityNormalized","0.06807763450660805","0.2524619139803047"
"wavelet-LLL","gldm","DependenceVariance","19.178507282064636","1.7076845383385235"
"wavelet-LLL","gldm","GrayLevelNonUniformity","213.0665362035225","11.155963302752294"
"wavelet-LLL","gldm","GrayLevelVariance","3.298115624557197","34.529164211766684"
"wavelet-LLL","gldm","HighGrayLevelEmphasis","89.9774951076321","233.62385321100916"
"wavelet-LLL","gldm","LargeDependenceEmphasis","75.91389432485323","7.798165137614679"
"wavelet-LLL","gldm","LargeDependenceHighGrayLevelEmphasis","7725.1457925636005","2385.853211009174"
"wavelet-LLL","gldm","LargeDependenceLowGrayLevelEmphasis","0.7973821537322805","0.08018986027570356"
"wavelet-LLL","gldm","LowGrayLevelEmphasis","0.017518970600995595","0.018557635561670616"
"wavelet-LLL","gldm","SmallDependenceEmphasis","0.08556743857943816","0.35759170411283786"
"wavelet-LLL","gldm","SmallDependenceHighGrayLevelEmphasis","5.392737822312559","73.12482518619068"
"wavelet-LLL","gldm","SmallDependenceLowGrayLevelEmphasis","0.004072848642039685","0.00965481065925569"
"wavelet-LLL","glrlm","GrayLevelNonUniformity","140.89614514397383","10.505240740428665"
"wavelet-LLL","glrlm","GrayLevelNonUniformityNormalized","0.18385513028157233","0.05105838426826669"
"wavelet-LLL","glrlm","GrayLevelVariance","3.7904598442478923","34.17057175394833"
"wavelet-LLL","glrlm","HighGrayLevelRunEmphasis","86.79584542207691","230.03003520562928"
"wavelet-LLL","glrlm","LongRunEmphasis","2.412333277912777","1.2353380410419645"
"wavelet-LLL","glrlm","LongRunHighGrayLevelEmphasis","227.32808211539032","304.5030207993357"
"wavelet-LLL","glrlm","LongRunLowGrayLevelEmphasis","0.035543155808592686","0.02125250358934166"
"wavelet-LLL","glrlm","LowGrayLevelRunEmphasis","0.019654574086096704","0.019067616830689076"
"wavelet-LLL","glrlm","RunEntropy","3.756824246916087","4.600185357790798"
"wavelet-LLL","glrlm","RunLengthNonUniformity","479.3921128372943","187.35145532821954"
"wavelet-LLL","glrlm","RunLengthNonUniformityNormalized","0.6152904643049134","0.9049788343742716"
"wavelet-LLL","glrlm","RunPercentage","0.7487580912238447","0.9435426958362737"
"wavelet-LLL","glrlm","RunVariance","0.5465226724676822","0.09544609208273289"
"wavelet-LLL","glrlm","ShortRunEmphasis","0.8075675743343945","0.9597026130896349"
"wavelet-LLL","glrlm","ShortRunHighGrayLevelEmphasis","67.86224042286987","219.57319542390613"
"wavelet-LLL","glrlm","ShortRunLowGrayLevelEmphasis","0.017379302617596615","0.018570443702475903"
"wavelet-LLL","glszm","GrayLevelNonUniformity","12.368421052631579","5.082474226804123"
"wavelet-LLL","glszm","GrayLevelNonUniformityNormalized","0.13019390581717452","0.05239664151344457"
"wavelet-LLL","glszm","GrayLevelVariance","6.910803324099723","31.62503985545754"
"wavelet-LLL","glszm","HighGrayLevelZoneEmphasis","60.43157894736842","199.02061855670104"
"wavelet-LLL","glszm","LargeAreaEmphasis","1829.4947368421053","9.731958762886597"
"wavelet-LLL","glszm","LargeAreaHighGrayLevelEmphasis","188903.4","2987.855670103093"
"wavelet-LLL","glszm","LargeAreaLowGrayLevelEmphasis","18.201887549438442","0.10406441464796415"
"wavelet-LLL","glszm","LowGrayLevelZoneEmphasis","0.05230584718059085","0.026096491328065213"
"wavelet-LLL","glszm","SizeZoneNonUniformity","20.74736842105263","33.06185567010309"
"wavelet-LLL","glszm","SizeZoneNonUniformityNormalized","0.21839335180055403","0.34084387288766077"
"wavelet-LLL","glszm","SmallAreaEmphasis","0.46229759731465603","0.5979800493125849"
"wavelet-LLL","glszm","SmallAreaHighGrayLevelEmphasis","23.999543083190076","115.36902002114326"
"wavelet-LLL","glszm","SmallAreaLowGrayLevelEmphasis","0.032186414065727406","0.018637158716941205"
"wavelet-LLL","glszm","ZoneEntropy","5.194231366947754","5.567552373244658"
"wavelet-LLL","glszm","ZonePercentage","0.09295499021526418","0.44495412844036697"
"wavelet-LLL","glszm","ZoneVariance","1713.76243767313","4.681050058454671"
"wavelet-LLL","ngtdm","Busyness","0.8161073551243646","0.09368086493304979"
"wavelet-LLL","ngtdm","Coarseness","0.008236015957215733","0.03672046636212357"
"wavelet-LLL","ngtdm","Complexity","53.57344748488518","534.5992850171519"
"wavelet-LLL","ngtdm","Contrast","0.039665551541748764","0.30389014991779967"
"wavelet-LLL","ngtdm","Strength","0.6837603546983022","7.7083122316734825"
